[{"pk": 1, "model": "cart.currency", "fields": {"modified_at": "2014-10-12T03:03:04.408Z", "added_at": "2014-10-12T03:03:04.408Z", "title": "AZN"}}, {"pk": 2, "model": "cart.currency", "fields": {"modified_at": "2014-10-12T03:03:08.434Z", "added_at": "2014-10-12T03:03:08.434Z", "title": "USD"}}, {"pk": 3, "model": "cart.currency", "fields": {"modified_at": "2014-10-12T03:03:12.124Z", "added_at": "2014-10-12T03:03:12.124Z", "title": "EURO"}}, {"pk": 1, "model": "cart.manufacturer", "fields": {"info": "", "title": "Sony", "image": "", "modified_at": "2014-10-12T03:03:20.259Z", "added_at": "2014-10-12T03:03:20.259Z", "slug": ""}}, {"pk": 2, "model": "cart.manufacturer", "fields": {"info": "", "title": "LG", "image": "", "modified_at": "2014-10-12T03:03:23.737Z", "added_at": "2014-10-12T03:03:23.737Z", "slug": ""}}, {"pk": 3, "model": "cart.manufacturer", "fields": {"info": "", "title": "Apple", "image": "", "modified_at": "2014-10-12T03:03:27.445Z", "added_at": "2014-10-12T03:03:27.445Z", "slug": ""}}, {"pk": 4, "model": "cart.manufacturer", "fields": {"info": "", "title": "Samsung", "image": "", "modified_at": "2014-10-12T03:03:30.394Z", "added_at": "2014-10-12T03:03:30.394Z", "slug": ""}}, {"pk": 1, "model": "cart.category", "fields": {"info": "", "modified_at": "2014-10-12T03:03:38.426Z", "slug": "", "added_at": "2014-10-12T03:03:38.426Z", "title": "Phones"}}, {"pk": 2, "model": "cart.category", "fields": {"info": "", "modified_at": "2014-10-12T03:03:43.094Z", "slug": "", "added_at": "2014-10-12T03:03:43.093Z", "title": "Tablets"}}, {"pk": 3, "model": "cart.category", "fields": {"info": "", "modified_at": "2014-10-12T03:04:04.316Z", "slug": "", "added_at": "2014-10-12T03:04:04.316Z", "title": "PC and Notebooks"}}, {"pk": 1, "model": "cart.attributegroup", "fields": {"modified_at": "2014-10-12T03:04:20.823Z", "added_at": "2014-10-12T03:04:20.823Z", "title": "Common characteristics"}}, {"pk": 2, "model": "cart.attributegroup", "fields": {"modified_at": "2014-10-12T03:04:27.486Z", "added_at": "2014-10-12T03:04:27.486Z", "title": "Display"}}, {"pk": 3, "model": "cart.attributegroup", "fields": {"modified_at": "2014-10-12T03:04:40.658Z", "added_at": "2014-10-12T03:04:40.658Z", "title": "Multimedia"}}, {"pk": 4, "model": "cart.attributegroup", "fields": {"modified_at": "2014-10-12T03:04:47.119Z", "added_at": "2014-10-12T03:04:47.119Z", "title": "Cell"}}, {"pk": 5, "model": "cart.attributegroup", "fields": {"modified_at": "2014-10-12T03:04:54.211Z", "added_at": "2014-10-12T03:04:54.211Z", "title": "Memory"}}, {"pk": 1, "model": "cart.attribute", "fields": {"group": 1, "modified_at": "2014-10-12T03:05:14.318Z", "added_at": "2014-10-12T03:05:14.318Z", "title": "Snatdard"}}, {"pk": 2, "model": "cart.attribute", "fields": {"group": 1, "modified_at": "2014-10-12T03:05:22.032Z", "added_at": "2014-10-12T03:05:22.032Z", "title": "Type"}}, {"pk": 3, "model": "cart.attribute", "fields": {"group": 1, "modified_at": "2014-10-12T03:05:27.139Z", "added_at": "2014-10-12T03:05:27.139Z", "title": "OS"}}, {"pk": 4, "model": "cart.attribute", "fields": {"group": 2, "modified_at": "2014-10-12T03:05:52.307Z", "added_at": "2014-10-12T03:05:52.307Z", "title": "Type"}}, {"pk": 5, "model": "cart.attribute", "fields": {"group": 2, "modified_at": "2014-10-12T03:06:14.159Z", "added_at": "2014-10-12T03:06:14.159Z", "title": "Touch screen type"}}, {"pk": 6, "model": "cart.attribute", "fields": {"group": 3, "modified_at": "2014-10-12T03:07:11.523Z", "added_at": "2014-10-12T03:07:11.523Z", "title": "Dict"}}, {"pk": 7, "model": "cart.attribute", "fields": {"group": 3, "modified_at": "2014-10-12T03:07:21.111Z", "added_at": "2014-10-12T03:07:21.111Z", "title": "Camera"}}, {"pk": 8, "model": "cart.attribute", "fields": {"group": 3, "modified_at": "2014-10-12T03:07:34.364Z", "added_at": "2014-10-12T03:07:34.364Z", "title": "Geo Tagging"}}, {"pk": 9, "model": "cart.attribute", "fields": {"group": 4, "modified_at": "2014-10-12T03:07:47.526Z", "added_at": "2014-10-12T03:07:47.526Z", "title": "USB Charger"}}, {"pk": 10, "model": "cart.attribute", "fields": {"group": 4, "modified_at": "2014-10-12T03:08:00.849Z", "added_at": "2014-10-12T03:08:00.849Z", "title": "Modem"}}, {"pk": 11, "model": "cart.attribute", "fields": {"group": 5, "modified_at": "2014-10-12T03:08:17.280Z", "added_at": "2014-10-12T03:08:17.280Z", "title": "Size"}}, {"pk": 1, "model": "cart.product", "fields": {"category": 1, "info": "<p><span style=\"background-color:rgb(255, 255, 255); color:rgb(37, 37, 37)\">The </span><strong>Samsung Galaxy S&nbsp;III</strong><span style=\"background-color:rgb(255, 255, 255); color:rgb(37, 37, 37)\"> is a </span>multi-touch<span style=\"background-color:rgb(255, 255, 255); color:rgb(37, 37, 37)\">, </span>slate<span style=\"background-color:rgb(255, 255, 255); color:rgb(37, 37, 37)\">-format </span>smartphone<span style=\"background-color:rgb(255, 255, 255); color:rgb(37, 37, 37)\"> designed, developed, and marketed by </span>Samsung Electronics<span style=\"background-color:rgb(255, 255, 255); color:rgb(37, 37, 37)\"> that runs the </span>Android<span style=\"background-color:rgb(255, 255, 255); color:rgb(37, 37, 37)\"> </span>operating system<span style=\"background-color:rgb(255, 255, 255); color:rgb(37, 37, 37)\">.</span></p>\r\n", "weight": "", "modified_at": "2014-10-13T12:44:55.240Z", "image": "cart/product/galaxys3.png", "is_active": false, "added_at": "2014-10-12T03:15:16.388Z", "video_code": "<iframe width=\"560\" height=\"315\" src=\"//www.youtube.com/embed/h5NgR2kd0l4?list=UUqT9iV-3kW_Ich2sjKI3zhg&amp;controls=0&amp;showinfo=0\" frameborder=\"0\" allowfullscreen></iframe>", "model": "Galaxy S3", "size": "", "manufacturer": 4}}, {"pk": 2, "model": "cart.product", "fields": {"category": 1, "info": "<p>The <strong>Samsung Galaxy S4</strong> is an Android smartphone produced by Samsung Electronics. First shown publicly on March 14, 2013 at Samsung Mobile Unpacked in New York City, it is a successor to the Galaxy S III which maintains a similar design</p>\r\n", "weight": "", "modified_at": "2014-10-12T04:37:53.424Z", "image": "cart/product/galaxys4.png", "is_active": false, "added_at": "2014-10-12T03:16:21.822Z", "video_code": "", "model": "Galaxy S4", "size": "", "manufacturer": 4}}, {"pk": 3, "model": "cart.product", "fields": {"category": 1, "info": "<p><span style=\"background-color:rgb(255, 255, 255); color:rgb(37, 37, 37)\">The </span><strong>iPhone 4</strong><span style=\"background-color:rgb(255, 255, 255); color:rgb(37, 37, 37)\"> is an </span>iOS<span style=\"background-color:rgb(255, 255, 255); color:rgb(37, 37, 37)\"> </span>smartphone<span style=\"background-color:rgb(255, 255, 255); color:rgb(37, 37, 37)\"> developed by </span>Apple Inc.<span style=\"background-color:rgb(255, 255, 255); color:rgb(37, 37, 37)\"> Following a number of notable leaks, the iPhone 4 was first unveiled on June 7, 2010 at Apple&#39;s </span>Worldwide Developers Conference<span style=\"background-color:rgb(255, 255, 255); color:rgb(37, 37, 37)\"> in </span>San Francisco<span style=\"background-color:rgb(255, 255, 255); color:rgb(37, 37, 37)\">,</span>[6]<span style=\"background-color:rgb(255, 255, 255); color:rgb(37, 37, 37)\"> and was released on June 24, 2010, in the United States, United Kingdom, France, Germany and Japan.</span></p>\r\n", "weight": "", "modified_at": "2014-10-12T04:34:52.414Z", "image": "cart/product/iphone4.png", "is_active": false, "added_at": "2014-10-12T03:21:19.597Z", "video_code": "", "model": "iPhone 4", "size": "", "manufacturer": 3}}, {"pk": 4, "model": "cart.product", "fields": {"category": 1, "info": "<p><span style=\"background-color:rgb(255, 255, 255); color:rgb(37, 37, 37)\">The </span><strong>iPhone&nbsp;4S</strong><span style=\"background-color:rgb(255, 255, 255); color:rgb(37, 37, 37)\"> (retroactively stylized with a lowercase &#39;s&#39; as </span><strong>iPhone 4s</strong><span style=\"background-color:rgb(255, 255, 255); color:rgb(37, 37, 37)\"> as of September 2013</span>[7]<span style=\"background-color:rgb(255, 255, 255); color:rgb(37, 37, 37)\">) is a </span>touchscreen<span style=\"background-color:rgb(255, 255, 255); color:rgb(37, 37, 37)\">-based </span>smartphone<span style=\"background-color:rgb(255, 255, 255); color:rgb(37, 37, 37)\"> developed, manufactured, and released by </span>Apple Inc.</p>\r\n", "weight": "100gm", "modified_at": "2014-10-13T12:57:49.433Z", "image": "cart/product/iphone4s.jpg", "is_active": false, "added_at": "2014-10-12T03:21:37.488Z", "video_code": "<iframe width=\"560\" height=\"315\" src=\"//www.youtube.com/embed/h5NgR2kd0l4?list=UUqT9iV-3kW_Ich2sjKI3zhg&amp;controls=0&amp;showinfo=0\" frameborder=\"0\" allowfullscreen></iframe>", "model": "iPhone 4S", "size": "10x12x14", "manufacturer": 3}}, {"pk": 5, "model": "cart.product", "fields": {"category": 1, "info": "<p><span style=\"background-color:rgb(255, 255, 255); color:rgb(37, 37, 37)\">The </span><strong>iPhone 5</strong><span style=\"background-color:rgb(255, 255, 255); color:rgb(37, 37, 37)\"> is a </span>touchscreen<span style=\"background-color:rgb(255, 255, 255); color:rgb(37, 37, 37)\"> </span>smartphone<span style=\"background-color:rgb(255, 255, 255); color:rgb(37, 37, 37)\"> developed by </span>Apple Inc.<span style=\"background-color:rgb(255, 255, 255); color:rgb(37, 37, 37)\"> It is the sixth generation of the </span>iPhone<span style=\"background-color:rgb(255, 255, 255); color:rgb(37, 37, 37)\">, succeeding the </span>iPhone 4S<span style=\"background-color:rgb(255, 255, 255); color:rgb(37, 37, 37)\"> and preceding the </span>iPhone 5S<span style=\"background-color:rgb(255, 255, 255); color:rgb(37, 37, 37)\"> and </span>iPhone 5C<span style=\"background-color:rgb(255, 255, 255); color:rgb(37, 37, 37)\">.</span></p>\r\n", "weight": "", "modified_at": "2014-10-12T04:36:58.083Z", "image": "cart/product/iphone5.png", "is_active": false, "added_at": "2014-10-12T03:21:47.604Z", "video_code": "", "model": "iPhone 5", "size": "", "manufacturer": 3}}, {"pk": 6, "model": "cart.product", "fields": {"category": 1, "info": "<p><span style=\"background-color:rgb(255, 255, 255); color:rgb(51, 51, 51)\">iPhone 6 isn&rsquo;t simply bigger &mdash; it&rsquo;s better in every way. Larger, yet dramatically thinner. More powerful, but remarkably power efficient. With a smooth metal surface that seamlessly meets the new Retina HD display. It&rsquo;s one continuous form where hardware and software function in perfect unison, creating a&nbsp;new generation of iPhone that&rsquo;s better&nbsp;by any&nbsp;measure.</span></p>\r\n", "weight": "", "modified_at": "2014-10-13T12:36:12.115Z", "image": "cart/product/iphone6.png", "is_active": false, "added_at": "2014-10-12T03:22:24.399Z", "video_code": "<iframe width=\"560\" height=\"315\" src=\"//www.youtube.com/embed/h5NgR2kd0l4?list=UUqT9iV-3kW_Ich2sjKI3zhg&amp;controls=0&amp;showinfo=0\" frameborder=\"0\" allowfullscreen></iframe>", "model": "iPhone 6", "size": "", "manufacturer": 3}}, {"pk": 1, "model": "cart.productattribute", "fields": {"attribute": 1, "product": 1, "modified_at": "2014-10-12T03:16:43.500Z", "value": "GSM 900/1800/1900, 3G, LTE", "added_at": "2014-10-12T03:15:16.409Z"}}, {"pk": 2, "model": "cart.productattribute", "fields": {"attribute": 2, "product": 1, "modified_at": "2014-10-12T03:16:43.501Z", "value": "Smartphone", "added_at": "2014-10-12T03:15:16.410Z"}}, {"pk": 3, "model": "cart.productattribute", "fields": {"attribute": 3, "product": 1, "modified_at": "2014-10-12T03:16:43.505Z", "value": "Android 4.0", "added_at": "2014-10-12T03:15:16.410Z"}}, {"pk": 4, "model": "cart.productattribute", "fields": {"attribute": 1, "product": 2, "modified_at": "2014-10-12T03:16:21.824Z", "value": "GSM 900/1800/1900, 3G, LTE", "added_at": "2014-10-12T03:16:21.824Z"}}, {"pk": 5, "model": "cart.productattribute", "fields": {"attribute": 2, "product": 2, "modified_at": "2014-10-12T03:16:21.824Z", "value": "Smartphone", "added_at": "2014-10-12T03:16:21.824Z"}}, {"pk": 6, "model": "cart.productattribute", "fields": {"attribute": 3, "product": 2, "modified_at": "2014-10-12T03:16:21.824Z", "value": "Android 4.2", "added_at": "2014-10-12T03:16:21.824Z"}}, {"pk": 7, "model": "cart.productattribute", "fields": {"attribute": 1, "product": 4, "modified_at": "2014-10-12T05:11:03.688Z", "value": "GSM 900/1800/1900, 3G, LTE", "added_at": "2014-10-12T05:11:03.688Z"}}, {"pk": 8, "model": "cart.productattribute", "fields": {"attribute": 2, "product": 4, "modified_at": "2014-10-12T05:11:03.689Z", "value": "Smartphone", "added_at": "2014-10-12T05:11:03.689Z"}}, {"pk": 9, "model": "cart.productattribute", "fields": {"attribute": 3, "product": 4, "modified_at": "2014-10-12T05:11:03.689Z", "value": "iOS", "added_at": "2014-10-12T05:11:03.689Z"}}, {"pk": 10, "model": "cart.productattribute", "fields": {"attribute": 4, "product": 4, "modified_at": "2014-10-12T05:11:03.689Z", "value": "Retine", "added_at": "2014-10-12T05:11:03.689Z"}}, {"pk": 11, "model": "cart.productattribute", "fields": {"attribute": 5, "product": 4, "modified_at": "2014-10-12T07:34:25.148Z", "value": "Multitouch", "added_at": "2014-10-12T07:34:25.148Z"}}, {"pk": 1, "model": "cart.productimage", "fields": {"info": "", "product": 4, "modified_at": "2014-10-12T04:59:39.018Z", "image": "cart/product/iphone4s1.png", "added_at": "2014-10-12T04:59:39.018Z"}}, {"pk": 2, "model": "cart.productimage", "fields": {"info": "", "product": 4, "modified_at": "2014-10-12T04:59:39.019Z", "image": "cart/product/iphone4s2.png", "added_at": "2014-10-12T04:59:39.019Z"}}, {"pk": 3, "model": "cart.productimage", "fields": {"info": "", "product": 4, "modified_at": "2014-10-12T04:59:39.020Z", "image": "cart/product/iphone4s3.png", "added_at": "2014-10-12T04:59:39.020Z"}}, {"pk": 4, "model": "cart.productimage", "fields": {"info": "", "product": 4, "modified_at": "2014-10-12T04:59:39.021Z", "image": "cart/product/iphone4s4.png", "added_at": "2014-10-12T04:59:39.021Z"}}, {"pk": 5, "model": "cart.productimage", "fields": {"info": "", "product": 4, "modified_at": "2014-10-12T04:59:39.022Z", "image": "cart/product/iphone4s5.png", "added_at": "2014-10-12T04:59:39.022Z"}}, {"pk": 6, "model": "cart.productimage", "fields": {"info": "", "product": 4, "modified_at": "2014-10-12T04:59:39.024Z", "image": "cart/product/iphone4s6.png", "added_at": "2014-10-12T04:59:39.024Z"}}, {"pk": 1, "model": "cart.shop", "fields": {"info": "", "title": "World Telecom", "modified_at": "2014-10-13T12:55:50.346Z", "image": "cart/shop/worldtelecom.png", "is_active": false, "added_at": "2014-10-12T03:09:03.202Z", "slug": "worldtelecom"}}, {"pk": 2, "model": "cart.shop", "fields": {"info": "", "title": "Bakinity", "modified_at": "2014-10-12T07:20:45.116Z", "image": "cart/shop/bakinity.png", "is_active": false, "added_at": "2014-10-12T03:09:23.679Z", "slug": "bakinity"}}, {"pk": 1, "model": "cart.shopproduct", "fields": {"shop": 2, "info": "", "product": 1, "url": null, "price": "320", "modified_at": "2014-10-12T03:17:55.548Z", "added_at": "2014-10-12T03:17:55.548Z", "currency": 1, "quantity": 20}}, {"pk": 2, "model": "cart.shopproduct", "fields": {"shop": 2, "info": "", "product": 2, "url": null, "price": "499", "modified_at": "2014-10-12T03:17:55.563Z", "added_at": "2014-10-12T03:17:55.563Z", "currency": 1, "quantity": 10}}, {"pk": 3, "model": "cart.shopproduct", "fields": {"shop": 1, "info": "Lorem ipsum dolor sit amet, consectetuer adipiscing elit. Aenean commodo ligula eget dolor. Aenean massa. Cum sociis natoque penatibus et magnis dis parturient montes, nascetur ridiculus mus. Donec quam felis, ultricies nec, pellentesque eu, pretium quis, sem. Nulla consequat massa quis enim. Donec pede justo, fringilla vel, aliquet nec, vulputate eget, arcu. In enim justo, rhoncus ut, imperdiet a, venenatis vitae, justo. Nullam dictum felis eu pede mollis pretium. Integer tincidunt. Cras dapibus. Vivamus elementum semper nisi. Aenean vulputate eleifend tellus. Aenean leo ligula, porttitor eu, consequat vitae, eleifend ac, enim. Aliquam lorem ante, dapibus in, viverra quis, feugiat a, tellus. Phasellus viverra nulla ut metus varius laoreet. Quisque rutrum. Aenean imperdiet. Etiam ultricies nisi vel augue. Curabitur ullamcorper ultricies nisi.", "product": 1, "url": null, "price": "310", "modified_at": "2014-10-13T12:55:50.350Z", "added_at": "2014-10-12T03:18:16.742Z", "currency": 1, "quantity": 20}}, {"pk": 4, "model": "cart.shopproduct", "fields": {"shop": 1, "info": "", "product": 2, "url": null, "price": "560", "modified_at": "2014-10-12T03:18:16.743Z", "added_at": "2014-10-12T03:18:16.743Z", "currency": 1, "quantity": 20}}, {"pk": 5, "model": "cart.shopproduct", "fields": {"shop": 1, "info": "", "product": 3, "url": null, "price": "400", "modified_at": "2014-10-12T03:25:47.457Z", "added_at": "2014-10-12T03:25:47.457Z", "currency": 1, "quantity": 10}}, {"pk": 6, "model": "cart.shopproduct", "fields": {"shop": 1, "info": "", "product": 4, "url": "", "price": "399", "modified_at": "2014-10-12T08:36:43.877Z", "added_at": "2014-10-12T03:25:47.458Z", "currency": 1, "quantity": 25}}, {"pk": 7, "model": "cart.shopproduct", "fields": {"shop": 1, "info": "", "product": 5, "url": null, "price": "500", "modified_at": "2014-10-12T03:25:47.458Z", "added_at": "2014-10-12T03:25:47.458Z", "currency": 1, "quantity": 20}}, {"pk": 8, "model": "cart.shopproduct", "fields": {"shop": 2, "info": "", "product": 6, "url": null, "price": "560", "modified_at": "2014-10-12T03:26:17.669Z", "added_at": "2014-10-12T03:26:17.669Z", "currency": 1, "quantity": 12}}, {"pk": 9, "model": "cart.shopproduct", "fields": {"shop": 2, "info": "", "product": 5, "url": null, "price": "480", "modified_at": "2014-10-12T03:26:44.440Z", "added_at": "2014-10-12T03:26:44.440Z", "currency": 1, "quantity": 12}}, {"pk": 10, "model": "cart.shopproduct", "fields": {"shop": 2, "info": "", "product": 4, "url": null, "price": "459", "modified_at": "2014-10-12T07:13:50.192Z", "added_at": "2014-10-12T07:13:50.192Z", "currency": 1, "quantity": 21}}]