[
  {
    "pk": 1,
    "model": "blog.slider",
    "fields": {
      "status": 1,
      "modified_at": "2014-10-21T21:11:40.276Z",
      "description": "A wonderful serenity has taken possession of my entire soul, like these sweet mornings of spring which I enjoy with my whole heart.",
      "added_at": "2014-10-21T21:11:40.276Z",
      "title": "Five dogs"
    }
  },
  {
    "pk": 2,
    "model": "blog.slider",
    "fields": {
      "status": 1,
      "modified_at": "2014-10-21T21:31:16.281Z",
      "description": "Great men ever born on earth.",
      "added_at": "2014-10-21T21:31:16.281Z",
      "title": "Great ones"
    }
  },
  {
    "pk": 1,
    "model": "blog.slide",
    "fields": {
      "status": 1,
      "description": "Lorem dolor sit.",
      "title": "One",
      "image": "blog/slider/one.jpg",
      "modified_at": "2014-10-21T21:11:40.277Z",
      "related_slider": 1,
      "added_at": "2014-10-21T21:11:40.277Z"
    }
  },
  {
    "pk": 2,
    "model": "blog.slide",
    "fields": {
      "status": 1,
      "description": "Sit amet dolor.",
      "title": "Two",
      "image": "blog/slider/two.jpeg",
      "modified_at": "2014-10-21T21:11:40.279Z",
      "related_slider": 1,
      "added_at": "2014-10-21T21:11:40.279Z"
    }
  },
  {
    "pk": 3,
    "model": "blog.slide",
    "fields": {
      "status": 1,
      "description": "Amet amet lorem.",
      "title": "Three",
      "image": "blog/slider/three.jpg",
      "modified_at": "2014-10-21T21:11:40.280Z",
      "related_slider": 1,
      "added_at": "2014-10-21T21:11:40.280Z"
    }
  },
  {
    "pk": 4,
    "model": "blog.slide",
    "fields": {
      "status": 1,
      "description": "Ipsum lorem sit.",
      "title": "Four",
      "image": "blog/slider/four.jpg",
      "modified_at": "2014-10-21T21:11:40.281Z",
      "related_slider": 1,
      "added_at": "2014-10-21T21:11:40.281Z"
    }
  },
  {
    "pk": 5,
    "model": "blog.slide",
    "fields": {
      "status": 1,
      "description": "Sit amet lorem.",
      "title": "Five",
      "image": "blog/slider/five.jpg",
      "modified_at": "2014-10-21T21:11:40.282Z",
      "related_slider": 1,
      "added_at": "2014-10-21T21:11:40.282Z"
    }
  },
  {
    "pk": 6,
    "model": "blog.slide",
    "fields": {
      "status": 1,
      "description": "Lorem ipsum dolor sit amet.",
      "title": "Einsten",
      "image": "blog/slider/einstein.jpg",
      "modified_at": "2014-10-21T21:31:16.283Z",
      "related_slider": 2,
      "added_at": "2014-10-21T21:31:16.283Z"
    }
  },
  {
    "pk": 7,
    "model": "blog.slide",
    "fields": {
      "status": 1,
      "description": "Lorem ipsum dolor sit amet.",
      "title": "Newton",
      "image": "blog/slider/newton.jpg",
      "modified_at": "2014-10-21T21:31:16.284Z",
      "related_slider": 2,
      "added_at": "2014-10-21T21:31:16.284Z"
    }
  },
  {
    "pk": 8,
    "model": "blog.slide",
    "fields": {
      "status": 1,
      "description": "Lorem ipsum dolor sit amet.",
      "title": "Galileo",
      "image": "blog/slider/galileo.jpg",
      "modified_at": "2014-10-21T21:31:16.285Z",
      "related_slider": 2,
      "added_at": "2014-10-21T21:31:16.285Z"
    }
  },
  {
    "pk": 9,
    "model": "blog.slide",
    "fields": {
      "status": 1,
      "description": "Lorem ipsum dolor sit amet.",
      "title": "Da Vinci",
      "image": "blog/slider/davinci.jpg",
      "modified_at": "2014-10-21T21:31:16.287Z",
      "related_slider": 2,
      "added_at": "2014-10-21T21:31:16.286Z"
    }
  },
  {
    "pk": 10,
    "model": "blog.slide",
    "fields": {
      "status": 1,
      "description": "Lorem ipsum dolor sit amet.",
      "title": "Darwin",
      "image": "blog/slider/darwin.jpg",
      "modified_at": "2014-10-21T21:31:16.288Z",
      "related_slider": 2,
      "added_at": "2014-10-21T21:31:16.288Z"
    }
  },
  {
    "pk": 11,
    "model": "blog.slide",
    "fields": {
      "status": 1,
      "description": "Lorem ipsum dolor sit amet.",
      "title": "Dostoevsky",
      "image": "blog/slider/dostoevsky.jpg",
      "modified_at": "2014-10-21T21:31:16.289Z",
      "related_slider": 2,
      "added_at": "2014-10-21T21:31:16.289Z"
    }
  },
  {
    "pk": 1,
    "model": "blog.widget",
    "fields": {
      "link_title": "",
      "title": "Quick",
      "link_url": "",
      "modified_at": "2014-10-21T21:03:12.383Z",
      "added_at": "2014-10-21T21:03:12.383Z",
      "content": "The quick, brown fox jumps over a lazy dog. DJs flock by when MTV ax quiz prog. Junk MTV quiz graced by fox whelps. Bawds jog, flick quartz, vex nymphs. Waltz, bad nymph, for quick jigs vex!",
      "featured_image": ""
    }
  },
  {
    "pk": 2,
    "model": "blog.widget",
    "fields": {
      "link_title": "",
      "title": "Nymph",
      "link_url": "",
      "modified_at": "2014-10-21T21:03:29.813Z",
      "added_at": "2014-10-21T21:03:29.813Z",
      "content": "Fox nymphs grab quick-jived waltz. Brick quiz whangs jumpy veldt fox. Bright vixens jump; dozy fowl quack. Quick wafting zephyrs vex bold Jim. Quick zephyrs blow, vexing daft Jim.",
      "featured_image": ""
    }
  },
  {
    "pk": 3,
    "model": "blog.widget",
    "fields": {
      "link_title": "",
      "title": "Charged",
      "link_url": "",
      "modified_at": "2014-10-21T21:03:55.971Z",
      "added_at": "2014-10-21T21:03:55.971Z",
      "content": "Sex-charged fop blew my junk TV quiz. How quickly daft jumping zebras vex. Two driven jocks help fax my big quiz. Quick, Baz, get my woven flax jodhpurs! \"Now fax quiz Jack! \" my brave ghost pled.",
      "featured_image": ""
    }
  },
  {
    "pk": 4,
    "model": "blog.widget",
    "fields": {
      "link_title": "",
      "title": "Five",
      "link_url": "",
      "modified_at": "2014-10-21T21:33:49.350Z",
      "added_at": "2014-10-21T21:04:06.414Z",
      "content": "Five quacking zephyrs jolt my wax bed. Flummoxed by job, kvetching W. zaps Iraq. Cozy sphinx waves quart jug of bad milk. A very bad quack might jinx zippy fowls. Few quips galvanized the mock jury box.",
      "featured_image": "blog/widget/five.png"
    }
  },
  {
    "pk": 5,
    "model": "blog.widget",
    "fields": {
      "link_title": "",
      "title": "Dogs",
      "link_url": "",
      "modified_at": "2014-10-21T21:05:29.548Z",
      "added_at": "2014-10-21T21:04:15.709Z",
      "content": "Quick brown dogs jump over the lazy fox. The jay, pig, fox, zebra, and my wolves quack! Blowzy red vixens fight for a quick jump. Joaquin Phoenix was gazed by MTV for luck. A wizard\u2019s job is to vex chumps quickly in fog. Watch \"Jeopardy! \", Alex Trebek's fun TV quiz game. Woven silk pyjamas exchanged for blue quartz. Brawny gods just",
      "featured_image": "blog/widget/dogs.jpg"
    }
  },
  {
    "pk": 1,
    "model": "blog.page",
    "fields": {
      "status": 1,
      "title": "Five dogs",
      "modified_at": "2014-10-21T21:13:29.526Z",
      "related_slider": 1,
      "added_at": "2014-10-21T21:07:10.520Z",
      "content": "<p><span style=\"background-color:rgb(255, 255, 255); color:rgb(102, 102, 102)\">A wonderful serenity has taken possession of my entire soul, like these sweet mornings of spring which I enjoy with my whole heart. I am alone, and feel the charm of existence in this spot, which was created for the bliss of souls like mine. I am so happy, my dear friend, so absorbed in the exquisite sense of mere tranquil existence, that I neglect my talents. I should be incapable of drawing a single stroke at the present moment; and yet I feel that I never was a greater artist than now. When, while the lovely valley teems with vapour around me, and the meridian sun strikes the upper surface of the impenetrable foliage of my trees, and but a few stray gleams steal into the inner sanctuary, I throw myself down among the tall grass by the trickling stream; and, as <u><strong>I lie close to the earth, a thousand unknown plants are noticed by me: when I hear the buzz of the little world among the stalks, and grow familiar with the countless indescribable forms of the insects and flies, then I feel the presence of the Almighty,</strong></u> who formed us in his own image, and the breath of that universal love which bears and sustains us, as it floats around us in an eternity of bliss; and then, my friend, when darkness overspreads my eyes, and heaven and earth seem to dwell in my soul and absorb its power, like the form of a beloved mistress, then I often think with longing, Oh, would I could describe these conceptions, could impress upon paper all that is living so full and warm within me, that it might be the mirror of my soul, as my soul is the mirror of the infinite God!</span></p>\r\n",
      "featured_image": "blog/page/five-dogs.jpg",
      "widgets": [
        4,
        5
      ],
      "slug": "five-dogs"
    }
  },
  {
    "pk": 2,
    "model": "blog.page",
    "fields": {
      "status": 1,
      "title": "My friend",
      "modified_at": "2014-10-21T23:02:46.975Z",
      "related_slider": null,
      "added_at": "2014-10-21T21:13:06.852Z",
      "content": "<p>O my friend -- but it is too much for my strength -- I sink under the weight of the splendour of these visions! A wonderful serenity has taken possession of my entire soul, like these sweet mornings of spring which I enjoy with my whole heart. I am alone, and feel the charm of existence in this spot, which was created for the bliss of souls like mine. I am so happy, my dear friend, so absorbed in the exquisite sense of mere tranquil existence, that I neglect my talents. I should be incapable of drawing a single stroke at the present moment; and yet I feel that I never was a greater artist than now.</p>\r\n\r\n<p>When, while the lovely valley teems with vapour around me, and the meridian sun strikes the upper surface of the impenetrable foliage of my trees, and but a few stray gleams steal into the inner sanctuary, I throw myself down among the tall grass by the trickling stream; and, as <u>I lie close to the earth, a thousand unknown plants are noticed by me: when</u> I hear the buzz of the little world among the stalks, and grow familiar with the countless indescribable forms of the insects and flies, then I feel the presence of the Almighty, who formed us in his own image, and the breath of that universal love which bears and sustains us, as it floats around us in an eternity of bliss; and then, my friend, when darkness overspreads my eyes, and heaven and earth seem to dwell in my soul and absorb its power, like the form of a beloved mistress, then I often think with longing, Oh, would I could describe these conceptions, could impress upon paper all that is living so full and warm within me, that it might be the mirror of my soul, as my soul is the mirror of the infinite God! O my friend -- but it is too much for my strength -- I sink under the weight of the splendour of these visions! A wonderful serenity has taken possession of my entire soul, like these sweet mornings of spring which I enjoy with my whole heart. I am alone, and feel the charm of existence in this spot, which was created for the bliss of souls like mine. I am so happy, my dear friend, so absorbed in the exquisite sense of mere tranquil existence, that I neglect my talents. I should be incapable of drawing a single stroke at the present moment; and yet I feel that I never was a greater artist than now. When, while the lovely valley teems with vapour around me, and the meridian sun strikes the upper surface of the impenetrable foliage of my trees, and but a few stray gleams steal into the inner sanctuary, I throw myself down among the tall grass by the trickling stream; and, as I lie close to the earth, a thousand unknown plants are noticed by me: when I hear the buzz of the little world among the stalks, and grow familiar with the countless indescribable forms of the insects and flies, then I feel the presence of the Almighty, who formed us in his own image, and the breath of that universal love which bears and sustains us, as it floats around us in an eternity of bliss; and then, my friend, when darkness overspreads my eyes, and heaven and earth seem to dwell in my soul and absorb its power, like the form of a beloved mistress, then I often think with longing, Oh, would I could describe these conceptions, could impress upon paper all that is living so full and warm within me, that it might be the mirror of my soul, as my soul is the mirror of the infinite God! O my friend -- but it is too much for my strength -- I sink under the weight of the splendour of these visions! A wonderful serenity has taken possession of my entire soul, like these sweet mornings of spring which I enjoy with my whole heart. I am alone, and feel the charm of existence in this spot, which was created for the bliss of souls.</p>\r\n",
      "featured_image": "blog/page/friends.jpg",
      "widgets": [
        1,
        2,
        3,
        4,
        5
      ],
      "slug": "my-friend"
    }
  },
  {
    "pk": 1,
    "model": "blog.category",
    "fields": {
      "description": "Lorem ipsum dolor sit amet.",
      "modified_at": "2014-10-21T21:18:04.609Z",
      "slug": "wonderful",
      "added_at": "2014-10-21T21:18:04.609Z",
      "title": "Wonderful"
    }
  },
  {
    "pk": 2,
    "model": "blog.category",
    "fields": {
      "description": "Lorem ipsum dolor sit amet.",
      "modified_at": "2014-10-21T21:18:13.437Z",
      "slug": "trick",
      "added_at": "2014-10-21T21:18:13.437Z",
      "title": "Trick"
    }
  },
  {
    "pk": 3,
    "model": "blog.category",
    "fields": {
      "description": "Lorem ipsum dolor sit amet.",
      "modified_at": "2014-10-21T21:18:19.221Z",
      "slug": "ban",
      "added_at": "2014-10-21T21:18:19.221Z",
      "title": "Ban"
    }
  },
  {
    "pk": 4,
    "model": "blog.category",
    "fields": {
      "description": "Lorem ipsum dolor sit amet.",
      "modified_at": "2014-10-21T21:18:38.401Z",
      "slug": "rafka",
      "added_at": "2014-10-21T21:18:38.401Z",
      "title": "Rafka"
    }
  },
  {
    "pk": 5,
    "model": "blog.category",
    "fields": {
      "description": "Lorem ipsum dolor sit amet.",
      "modified_at": "2014-10-21T21:18:47.608Z",
      "slug": "lorem",
      "added_at": "2014-10-21T21:18:47.608Z",
      "title": "Lorem"
    }
  },
  {
    "pk": 6,
    "model": "blog.category",
    "fields": {
      "description": "Lorem ipsum dolor sit amet.",
      "modified_at": "2014-10-21T21:19:01.006Z",
      "slug": "ipsum",
      "added_at": "2014-10-21T21:19:01.006Z",
      "title": "Ipsum"
    }
  },
  {
    "pk": 7,
    "model": "blog.category",
    "fields": {
      "description": "Lorem ipsum dolor sit amet.",
      "modified_at": "2014-10-21T21:19:07.373Z",
      "slug": "dolor",
      "added_at": "2014-10-21T21:19:07.373Z",
      "title": "Dolor"
    }
  },
  {
    "pk": 8,
    "model": "blog.category",
    "fields": {
      "description": "Lorem ipsum dolor sit amet.",
      "modified_at": "2014-10-21T21:19:12.318Z",
      "slug": "sit",
      "added_at": "2014-10-21T21:19:12.318Z",
      "title": "Sit"
    }
  },
  {
    "pk": 9,
    "model": "blog.category",
    "fields": {
      "description": "Lorem ipsum dolor sit amet.",
      "modified_at": "2014-10-21T21:19:18.287Z",
      "slug": "amet",
      "added_at": "2014-10-21T21:19:18.287Z",
      "title": "Amet"
    }
  },
  {
    "pk": 1,
    "model": "blog.post",
    "fields": {
      "status": 1,
      "title": "Einstein",
      "modified_at": "2014-10-21T21:32:06.737Z",
      "short_content": "Lorem ipsum dolor sit amet, consectetuer adipiscing elit. Aenean commodo ligula eget dolor. Aenean massa. Cum sociis natoque penatibus et magnis dis parturient montes, nascetur ridiculus mus. Donec quam felis, ultricies nec, pellentesque eu, pretium quis, sem. Nulla consequat massa quis enim.",
      "added_at": "2014-10-21T21:22:28.059Z",
      "related_slider": 2,
      "featured_image": "blog/post/einstein.jpg",
      "full_content": "<p><span style=\"background-color:rgb(255, 255, 255); color:rgb(102, 102, 102)\">A wonderful serenity has taken possession of my entire soul, like these sweet mornings of spring which I enjoy with my whole heart. I am alone, and feel the charm of existence in this spot, which was created for the bliss of souls like mine. I am so happy, my dear friend, so absorbed in the exquisite sense of mere tranquil existence, that I neglect my talents. I should be incapable of drawing a single stroke at the present moment; and yet I feel that I never was a greater artist than now. When, while the lovely valley teems with vapour around me, and the meridian sun strikes the upper surface of the impenetrable foliage of my trees, and but a few stray gleams steal into the inner sanctuary, I throw myself down among the tall grass by the trickling stream; and, as I lie close to the earth, a thousand unknown plants are noticed by me: when I hear the buzz of the little world among the stalks, and grow familiar with the countless indescribable forms of the insects and flies, then I feel the presence of the Almighty, who formed us in his own image, and the breath of that universal love which bears and sustains us, as it floats around us in an eternity of bliss; and then, my friend, when darkness overspreads my eyes, and heaven and earth seem to dwell in my soul and absorb its power, like the form of a beloved mistress, then I often think with longing, Oh, would I could describe these conceptions, could impress upon paper all that is living so full and warm within me, that it might be the mirror of my soul, as my soul is the mirror of the infinite God! O my friend -- but it is too much for my strength -- I sink under the weight of the splendour of these visions! A wonderful serenity has taken possession of my entire soul, like these sweet mornings of spring which I enjoy with my whole heart. I am alone, and feel the charm of existence in this spot, which was created for the bliss of souls like mine. I am so happy, my dear friend, so absorbed in the exquisite sense of mere tranquil existence, that I neglect my talents. I should be incapable of drawing a single stroke at the present moment; and yet I feel that I never was a greater artist than now. When, while the lovely valley teems with vapour around me, and the meridian sun strikes the upper surface of the impenetrable foliage of my trees, and but a few stray gleams steal into the inner sanctuary, I throw myself down among the tall grass by the trickling stream; and, as I lie close to the earth, a thousand unknown plants are noticed by me: when I hear the buzz of the little world among the stalks, and grow familiar with the countless indescribable forms of the insects and flies, then I feel the presence of the Almighty, who formed us in his own image, and the breath of that universal love which bears and sustains us, as it floats around us in an eternity of bliss; and then, my friend, when darkness overspreads my eyes, and heaven and earth seem to dwell in my soul and absorb its power, like the form of a beloved mistress, then I often think with longing, Oh, would I could describe these conceptions, could impress upon paper all that is living so full and warm within me, that it might be the mirror of my soul, as my soul is the mirror of the infinite God! O my friend -- but it is too much for my strength -- I sink under the weight of the splendour of these visions! A wonderful serenity has taken possession of my entire soul, like these sweet mornings of spring which I enjoy with my whole heart. I am alone, and feel the charm of existence in this spot, which was created for the bliss of souls like mine. I am so happy, my dear friend, so absorbed in the exquisite sense of mere tranquil existence, that I neglect my talents. I should be incapable of drawing a single stroke at the present moment; and yet I feel that I never was a greater artist than now. When, while the lovely valley teems with vapour around me, and the meridian sun strikes the upper surface of the impenetrable foliage of my trees, and but a few stray gleams steal into the inner sanctuary, I throw myself down among the tall grass by the trickling stream; and, as I lie close to the earth, a thousand unknown plants are noticed by me: when I hear the buzz of the little world among the stalks, and grow familiar with the countless indescribable forms of the insects and flies, then I feel the presence of the Almighty, who formed us in his own <em><u><strong>image, and the breath of that universal love which bears and sustains us, as it floats around us in an eternity of bliss; and then, my friend, when darkness overspreads my eyes, and heaven and earth seem to dwell in my soul and absorb its power,</strong></u></em> like the form of a beloved mistress, then I often think with longing, Oh, would I could describe these conceptions, could impress upon paper all that is living so full and warm within me, that it might be the mirror of my soul, as my soul is the mirror of the infinite God! O my friend -- but it is too much for my strength -- I sink under the weight of the splendour of these visions! A wonderful serenity has taken possession of my entire soul, like these sweet mornings of spring which I enjoy with my whole heart. I am alone, and feel the charm of existence in this spot, which was created for the bliss of souls like mine. I am so happy, my dear friend, so absorbed in the exquisite sense of mere tranquil existence, that I neglect my talents. I should be incapable of drawing a single stroke at the present moment; and yet I feel that I never was a greater artist than now. When, while the lovely valley teems with vapour around me, and the meridian sun strikes the upper surface of the impenetrable foliage of my trees, and but a few stray gleams steal into the inner sanctuary, I throw myself down among the tall grass by the trickling stream; and, as I lie close to the earth, a thousand unknown plants are noticed by me: when I hear the buzz of the little world among the stalks, and grow familiar with the countless indescribable forms of the insects and flies, then I feel the presence of the Almighty, who formed us in his own image, and the breath of that universal love which bears and sustains us, as it floats around us in an eternity of bliss; and then, my friend, when darkness overspreads my eyes, and heaven and earth seem to dwell in my soul and absorb its power, like the form of a beloved mistress, then I often think with longing, Oh, would I could describe these conceptions, could impress upon paper all that is living so full and warm within me, that it might be the mirror of my soul, as my soul is the mirror of the infinite God! O my friend -- but it is too much for my strength -- I sink under the weight of the splendour of these visions! A wonderful serenity has taken possession of my entire soul, like these sweet mornings of spring which I enjoy with my whole heart. I am alone, and feel the charm of existence in this spot, which was created for the bliss of souls like mine. I am so happy, my dear friend, so absorbed in the exquisite sense of mere tranquil existence, that I neglect my talents. I should be incapable of drawing a single stroke at the present moment; and yet I feel that I never was a greater artist than now.</span></p>\r\n",
      "slug": "einstein",
      "categories": [
        3,
        4,
        5,
        7,
        8,
        9
      ]
    }
  },
  {
    "pk": 2,
    "model": "blog.post",
    "fields": {
      "status": 1,
      "title": "Newton",
      "modified_at": "2014-10-21T21:32:02.735Z",
      "short_content": "Donec pede justo, fringilla vel, aliquet nec, vulputate eget, arcu. In enim justo, rhoncus ut, imperdiet a, venenatis vitae, justo. Nullam dictum felis eu pede mollis pretium. Integer tincidunt. Cras dapibus. Vivamus elementum semper nisi. Aenean vulputate eleifend tellus.",
      "added_at": "2014-10-21T21:23:47.622Z",
      "related_slider": 2,
      "featured_image": "blog/post/newton.jpg",
      "full_content": "<h2 style=\"font-style:italic\"><span style=\"background-color:rgb(255, 255, 255); color:rgb(102, 102, 102)\">When, while the lovely valley teems with vapour around me, and the meridian sun strikes the upper surface of the impenetrable foliage of my trees, and but a few stray gleams steal into the inner sanctuary, I throw myself down among the tall grass by the trickling stream; and, as I lie close to the earth, a thousand unknown plants are noticed by me: when I hear the buzz of the little world among the stalks, and grow familiar with the countless indescribable forms of the insects and flies, then I feel the presence of the Almighty, who formed us in his own image, and the breath of that universal love which bears and sustains us, as it floats around us in an eternity of bliss; and then, my friend, when darkness overspreads my eyes, and heaven and earth seem to dwell in my soul and absorb its power, like the form of a beloved mistress, then I often think with longing, Oh, would I could describe these conceptions, could impress upon paper all that is living so full and warm within me, that it might be the mirror of my soul, as my soul is the mirror of the infinite God! O my friend -- but it is too much for my strength -- I sink under the weight of the splendour of these visions! A wonderful serenity has taken possession of my entire soul, like these sweet mornings of spring which I enjoy with my whole heart. I am alone, and feel the charm of existence in this spot, which was created for the bliss of souls like mine. I am so happy, my dear friend, so absorbed in the exquisite sense of mere tranquil existence, that I neglect my talents. I should be incapable of drawing a single stroke at the present moment; and yet I feel that I never was a greater artist than now. When, while the lovely valley teems with vapour around me, and the meridian sun strikes the upper surface of the impenetrable foliage of my trees, and but a few stray gleams steal into the inner sanctuary, I throw myself down among the tall grass by the trickling stream; and, as I lie close to the earth, a thousand unknown plants are noticed by me: when I hear the buzz of the little world among the stalks, and grow familiar with the countless indescribable forms of the insects and flies, then I feel the presence of the Almighty, who formed us in his own image, and the breath of that universal love which bears and sustains us, as it floats around us in an eternity of bliss; and then, my friend, when darkness overspreads my eyes, and heaven and earth seem to dwell in my soul and absorb its power, like the form of a beloved mistress, then I often think with longing, Oh, would I could describe these conceptions, could impress upon paper all that is living so full and warm within me, that it might be the mirror of my soul, as my soul is the mirror of the infinite God! O my friend -- but it is too much for my strength -- I sink under the weight of the splendour of these visions! A wonderful serenity has taken possession of my entire soul, like these sweet mornings of spring which I enjoy with my whole heart. I am alone, and feel the charm of existence in this spot, which was created for the bliss of souls like mine. I am so happy, my dear friend, so absorbed in the exquisite sense of mere tranquil existence, that I neglect my talents. I should be incapable of drawing a single stroke at the present moment; and yet I feel that I never was a greater artist than now. When, while the lovely valley teems with vapour around me, and the meridian sun strikes the upper surface of the impenetrable foliage of my trees, and but a few stray gleams steal into the inner sanctuary, I throw myself down among the tall grass by the trickling stream; and, as I lie close to the earth, a thousand unknown plants are noticed by me: when I hear the buzz of the little world among the stalks, and grow familiar with the countless indescribable forms of the insects and flies, then I feel the presence of the Almighty, who formed us in his own image, and the breath of that universal love which bears and sustains us, as it floats around us in an eternity of bliss; and then, my friend, when darkness overspreads my eyes, and heaven and earth seem to dwell in my soul and absorb its power, like the form of a beloved mistress, then I often think with longing, Oh, would I could describe these conceptions, could impress upon paper all that is living so full and warm within me, that it might be the mirror of my soul, as my soul is the mirror of the infinite God! O my friend -- but it is too much for my strength -- I sink under the weight of the splendour of these visions! A wonderful serenity has taken possession of my entire soul, like these sweet mornings of spring which I enjoy with my whole heart. I am alone, and feel the charm of existence in this spot, which was created for the bliss of souls like mine. I am so happy, my dear friend, so absorbed in the exquisite sense of mere tranquil existence, that I neglect my talents. I should be incapable of drawing a single stroke at the present moment; and yet I feel that I never was a greater artist than now. When, while the lovely valley teems with vapour around me, and the meridian sun strikes the upper surface of the impenetrable foliage of my trees, and but a few stray gleams steal into the inner sanctuary, I throw myself down among the tall grass by the trickling stream; and, as I lie close to the earth, a thousand unknown plants are noticed by me: when I hear the buzz of the little world among the stalks, and grow familiar with the countless indescribable forms of the insects and flies, then I feel the presence of the Almighty, who formed us in his own image, and the breath of that universal love which bears and sustains us, as it floats around us in an eternity of bliss; and then, my friend, when darkness overspreads my eyes, and heaven and earth seem to dwell in my soul and absorb its power, like the form of a beloved mistress, then I often think with longing, Oh, would I could describe these conceptions, could impress upon paper all that is living so full and warm within me, that it might be the mirror of my soul, as my soul is the mirror of the infinite God! O my friend -- but it is too much for my strength -- I sink under the weight of the splendour of these visions! A wonderful serenity has taken possession of my entire soul, like these sweet mornings of spring which I enjoy <strong><u><em>with my whole heart. I am alone, and feel the charm of existence in this spot, which was created for the bliss of souls like mine. I am so happy, my dear friend, so absorbed in the exquisite sense of mere tranquil </em></u></strong>existence, that I neglect my talents. I should be incapable of drawing a single stroke at the present moment; and yet I feel that I never was a greater artist than now. When, while the lovely valley teems with vapour around me, and the meridian sun strikes the upper surface of the impenetrable foliage of my trees, and but a few stray gleams steal into the inner sanctuary, I throw myself down among the tall grass by the trickling stream; and, as I lie close to the earth, a thousand unknown plants are noticed by me: when I hear the buzz of the little world among the stalks, and grow familiar with the countless indescribable forms of the insects and flies, then I feel the presence of the Almighty, who formed us in his own image, and the breath of that universal love which bears and sustains us, as it floats around us in an eternity of bliss; and then, my friend, when darkness overspreads my eyes, and heaven and earth seem to dwell in my soul and absorb its power, like the form of a beloved mistress, then I often think with longing, Oh, would I could describe these conceptions, could impress upon paper all that is living so full and warm within me, that it might be the mirror of my soul, as my soul is the mirror of the infinite God!</span></h2>\r\n",
      "slug": "newton",
      "categories": [
        1,
        2,
        3,
        4,
        5,
        6,
        7
      ]
    }
  },
  {
    "pk": 3,
    "model": "blog.post",
    "fields": {
      "status": 1,
      "title": "Darwin",
      "modified_at": "2014-10-21T21:31:58.632Z",
      "short_content": "Aenean leo ligula, porttitor eu, consequat vitae, eleifend ac, enim. Aliquam lorem ante, dapibus in, viverra quis, feugiat a, tellus. Phasellus viverra nulla ut metus varius laoreet. Quisque rutrum. Aenean imperdiet. Etiam ultricies nisi vel augue. Curabitur ullamcorper ultricies nisi. Nam eget dui.",
      "added_at": "2014-10-21T21:25:00.470Z",
      "related_slider": 2,
      "featured_image": "blog/post/darwin.jpg",
      "full_content": "<p><span style=\"background-color:rgb(255, 255, 255); color:rgb(102, 102, 102)\">O my friend -- but it is too much for my strength -- I sink under the weight of the splendour of these visions! A wonderful serenity has taken possession of my entire soul, like these sweet mornings of spring which I enjoy with my whole heart. I am alone, and feel the charm of existence in this spot, which was created for the bliss of souls like mine. I am so happy, my dear friend, so absorbed in the exquisite sense of mere tranquil existence, that I neglect my talents. I should be incapable of drawing a single stroke at the present moment; and yet I feel that I never was a greater artist than now. When, while the lovely valley teems with vapour around me, and the meridian sun strikes the upper surface of the impenetrable foliage of my trees, and but a few stray gleams steal into the inner sanctuary, I throw myself down among the tall grass by the trickling stream; and, as I lie close to the earth, a thousand unknown plants are noticed by me: when I hear the buzz of the little world among the stalks, and grow familiar with the countless indescribable forms of the insects and flies, then I feel the presence of the Almighty, who formed us in his own image, and the breath of that universal love which bears and sustains us, as it floats around us in an eternity of bliss; and then, my friend, when darkness overspreads my eyes, and heaven and earth seem to dwell in my soul and absorb its power, like the form of a beloved mistress, then I often think with longing, Oh, would I could describe these conceptions, could impress upon paper all that is living so full and warm within me, that it might be the mirror of my soul, as my soul is the mirror of the infinite God! O my friend -- but it is too much for my strength -- I sink under the weight of the splendour of these visions! A wonderful serenity has taken possession of my entire soul, like these sweet mornings of spring which I enjoy with my whole heart. I am alone, and feel the charm of existence in this spot, which was created for the bliss of souls like mine. I am so happy, my dear friend, so absorbed in the exquisite sense of mere tranquil existence, that I neglect my talents. I should be incapable of drawing a single stroke at the present moment; and yet I feel that I never was a greater artist than now. When, while the lovely valley teems with vapour around me, and the meridian sun strikes the upper surface of the impenetrable foliage of my trees, and but a few stray gleams steal into the inner sanctuary, I throw myself down among the tall grass by the trickling stream; and, as I lie close to the earth, a thousand unknown plants are noticed by me: when I hear the buzz of the little world among the stalks, and grow familiar with the countless indescribable forms of the insects and flies, then I feel the presence of the Almighty, who formed us in his own image, and the breath of that universal love which bears and sustains us, as it floats around us in an eternity of bliss; and then, my friend, when darkness overspreads my eyes, and heaven and earth seem to dwell in my soul and absorb its power, like the form of a beloved mistress, then I often think with longing, Oh, would I could describe these conceptions, could impress upon paper all that is living so full and warm within me, that it might be the mirror of my soul, as my soul is the mirror of the infinite God! O my friend -- but it is too much for my strength -- I sink under the weight of the splendour of these visions! A wonderful serenity has taken possession of my entire soul, like these sweet mornings of spring which I enjoy with my whole heart. I am alone, and feel the charm of existence in this spot, which was created for the bliss of souls like mine. I am so happy, my dear friend, so absorbed in the exquisite sense of mere tranquil existence, that I neglect my talents. I should be incapable of drawing a single stroke at the present moment; and yet I feel that I never was a greater artist than now. When, while the lovely valley teems with vapour around me, and the meridian sun strikes the upper surface of the impenetrable foliage of my trees, and but a few stray gleams steal into the inner sanctuary, I throw myself down among the tall grass by the trickling stream; and, as I lie close to the earth, a thousand unknown plants are noticed by me: when I hear the buzz of the little world among the stalks, and grow familiar with the countless <kbd>indescribable forms of the insects and flies, then I feel the presence of the Almighty, who formed us in his own image, and the breath of that universal love which bears and sustains us, as it floats around us in an eternity of bliss; and then, my friend, when darkness overspreads </kbd>my eyes, and heaven and earth seem to dwell in my soul and absorb its power, like the form of a beloved mistress, then I often think with longing, Oh, would I could describe these conceptions, could impress upon paper all that is living so full and warm within me, that it might be the mirror of my soul, as my soul is the mirror of the infinite God! O my friend -- but it is too much for my strength -- I sink under the weight of the splendour of these visions! A wonderful serenity has taken possession of my entire soul, like these sweet mornings of spring which I enjoy with my whole heart. I am alone, and feel the charm of existence in this spot, which was created for the bliss of souls like mine. I am so happy, my dear friend, so absorbed in the exquisite sense of mere tranquil existence, that I neglect my talents. I should be incapable of drawing a single stroke at the present moment; and yet I feel that I never was a greater artist than now. When, while the lovely valley teems with vapour around me, and the meridian sun strikes the upper surface of the impenetrable foliage of my trees, and but a few stray gleams steal into the inner sanctuary, I throw myself down among the tall grass by the trickling stream; and, as I lie close to the earth, a thousand unknown plants are noticed by me: when I hear the buzz of the little world among the stalks, and grow familiar with the countless indescribable forms of the insects and flies, then I feel the presence of the Almighty, who formed us in his own image, and the breath of that universal love which bears and sustains us, as it floats around us in an eternity of bliss; and then, my friend, when darkness overspreads my eyes, and heaven and earth seem to dwell in my soul and absorb its power, like the form of a beloved mistress, then I often think with longing, Oh, would I could describe these conceptions, could impress upon paper all that is living so full and warm within me, that it might be the mirror of my soul, as my soul is the mirror of the infinite God! O my friend -- but it is too much for my strength -- I sink under the weight of the splendour of these visions! A wonderful serenity has taken possession of my entire soul, like these sweet mornings of spring which I enjoy with my whole heart. I am alone, and feel the charm of existence in this spot, which was created for the bliss of souls like mine. I am so happy, my dear friend, so absorbed in the exquisite sense of mere tranquil existence, that I neglect my talents. I should be incapable of drawing a single stroke at the present moment; and yet I feel that I never was a greater artist than now.</span></p>\r\n",
      "slug": "darwin",
      "categories": [
        4,
        5,
        6,
        8,
        9
      ]
    }
  },
  {
    "pk": 4,
    "model": "blog.post",
    "fields": {
      "status": 1,
      "title": "Da Vinci",
      "modified_at": "2014-10-21T21:31:53.472Z",
      "short_content": "Etiam rhoncus. Maecenas tempus, tellus eget condimentum rhoncus, sem quam semper libero, sit amet adipiscing sem neque sed ipsum. Nam quam nunc, blandit vel, luctus pulvinar, hendrerit id, lorem. Maecenas nec odio et ante tincidunt tempus. Donec vitae sapien ut libero venenatis faucibus. Nullam quis ante.",
      "added_at": "2014-10-21T21:26:19.368Z",
      "related_slider": 2,
      "featured_image": "blog/post/davinci.jpg",
      "full_content": "<p><span style=\"background-color:rgb(255, 255, 255); color:rgb(102, 102, 102)\">When, while the lovely valley teems with vapour around me, and the meridian sun strikes the upper surface of the impenetrable foliage of my trees, and but a few stray gleams steal into the inner sanctuary, I throw myself down among the tall grass by the trickling stream; and, as I lie close to the earth, a thousand unknown plants are noticed by me: when I hear the buzz of the little world among the stalks, and grow familiar with the countless indescribable forms of the insects and flies, then I feel the presence of the Almighty, who formed us in his own image, and the breath of that universal love which bears and sustains us, as it floats around us in an eternity of bliss; and then, my friend, when darkness overspreads my eyes, and heaven and earth seem to dwell in my soul and absorb its power, like the form of a beloved mistress, then I often think with longing, Oh, would I could describe these conceptions, could impress upon paper all that is living so full and warm within me, that it might be the mirror of my soul, as my soul is the mirror of the infinite God! O my friend -- but it is too much for my strength -- I sink under the weight of the splendour of these visions! A wonderful serenity has taken possession of my entire soul, like these sweet mornings of spring which I enjoy with my whole heart. I am alone, and feel the charm of existence in this spot, which was created for the bliss of souls like mine. I am so happy, my dear friend, so absorbed in the exquisite sense of mere tranquil existence, that I neglect my talents. I should be incapable of drawing a single stroke at the present moment; and yet I feel that I never was a greater artist than now. When, while the lovely valley teems with vapour around me, and the meridian sun strikes the upper surface of the impenetrable foliage of my trees, and but a few stray gleams steal into the inner sanctuary, I throw myself down among the tall grass by the trickling stream; and, as I lie close to the earth, a thousand unknown plants are noticed by me: when I hear the buzz of the little world among the stalks, and grow familiar with the countless indescribable forms of the insects and flies, then I feel the presence of the Almighty, who formed us in his own image, and the breath of that universal love which bears and sustains us, as it floats around us in an eternity of bliss; and then, my friend, when darkness overspreads my eyes, and heaven and earth seem to dwell in my soul and absorb its power, like the form of a beloved mistress, then I often think with longing, Oh, would I could describe these conceptions, could impress upon paper all that is living so full and warm within me, that it might be the mirror of my soul, as my soul is the mirror of the infinite God! O my friend -- but it is too much for my strength -- I sink under the weight of the splendour of these visions! A wonderful serenity has taken possession of my entire soul, like these sweet mornings of spring which I enjoy with my whole heart. I am alone, and feel the charm of existence in this spot, which was created for the bliss of souls like mine. I am so happy, my dear friend, so absorbed in the exquisite sense of mere tranquil existence, that I neglect my talents. I should be incapable of drawing a single stroke at the present moment; and yet I feel that I never was a greater artist than now. When, while the lovely valley teems with vapour around me, and the meridian sun strikes the upper surface of the impenetrable foliage of my trees, and but a few stray gleams steal into the inner sanctuary, I throw myself down among the tall grass by the trickling stream; and, as I lie close to the earth, a thousand unknown plants are noticed by me: when I hear the buzz of the little world among the stalks, and grow familiar with the countless indescribable forms of the insects and flies, then I feel the presence of the Almighty, who formed us in his own image, and the breath of that universal love which bears and sustains us, as it floats around us in an eternity of bliss; and then, my friend, when darkness overspreads my eyes, and heaven and earth seem to dwell in my soul and absorb its power, like the form of a beloved mistress, then I often think with longing, Oh, would I could describe these conceptions, could impress upon paper all that is living so full and warm within me, that it might be the mirror of my soul, as my soul is the mirror of the infinite God! O my friend -- but it is too much for my strength -- I sink under the weight of the splendour of these visions! A wonderful serenity has taken possession of my entire soul, like these sweet mornings of spring which I enjoy with my whole heart. I am alone, and feel the charm of existence in this spot, which was created for the bliss of souls like mine. I am so happy, my dear friend, so absorbed in the exquisite sense of mere tranquil existence, that I neglect my talents. I should be incapable of drawing a single stroke at the present moment; and yet I feel that I never was a greater artist than now. When, while the lovely valley teems with vapour around me, and the meridian sun strikes the upper surface of the <u><em><strong>impenetrable foliage of my trees, and but a few stray gleams steal into the inner sanctuary, I throw myself down among the tall grass by the trickling stream; and, as I lie close to the earth, a thousand unknown plants are </strong></em></u>noticed by me: when I hear the buzz of the little world among the stalks, and grow familiar with the countless indescribable forms of the insects and flies, then I feel the presence of the Almighty, who formed us in his own image, and the breath of that universal love which bears and sustains us, as it floats around us in an eternity of bliss; and then, my friend, when darkness overspreads my eyes, and heaven and earth seem to dwell in my soul and absorb its power, like the form of a beloved mistress, then I often think with longing, Oh, would I could describe these conceptions, could impress upon paper all that is living so full and warm within me, that it might be the mirror of my soul, as my soul is the mirror of the infinite God! O my friend -- but it is too much for my strength -- I sink under the weight of the splendour of these visions! A wonderful serenity has taken possession of my entire soul, like these sweet mornings of spring which I enjoy with my whole heart. I am alone, and feel the charm of existence in this spot, which was created for the bliss of souls like mine. I am so happy, my dear friend, so absorbed in the exquisite sense of mere tranquil existence, that I neglect my talents. I should be incapable of drawing a single stroke at the present moment; and yet I feel that I never was a greater artist than now. When, while the lovely valley teems with vapour around me, and the meridian sun strikes the upper surface of the impenetrable foliage of my trees, and but a few stray gleams steal into the inner sanctuary, I throw myself down among the tall grass by the trickling stream; and, as I lie close to the earth, a thousand unknown plants are noticed by me: when I hear the buzz of the little world among the stalks, and grow familiar with the countless indescribable forms of the insects and flies, then I feel the presence of the Almighty, who formed us in his own image, and the breath of that universal love which bears and sustains us, as it floats around us in an eternity of bliss; and then, my friend, when darkness overspreads my eyes, and heaven and earth seem to dwell in my soul and absorb its power, like the form of a beloved mistress, then I often think with longing, Oh, would I could describe these conceptions, could impress upon paper all that is living so full and warm within me, that it might be the mirror of my soul, as my soul is the mirror of the infinite God! O my friend -- but it is too much for my strength -- I sink under the weight of the splendour of these visions!</span></p>\r\n",
      "slug": "da-vinci",
      "categories": [
        1,
        2,
        3,
        4,
        5,
        6,
        7,
        8,
        9
      ]
    }
  },
  {
    "pk": 5,
    "model": "blog.post",
    "fields": {
      "status": 1,
      "title": "Galileo",
      "modified_at": "2014-10-21T21:31:48.083Z",
      "short_content": "Etiam sit amet orci eget eros faucibus tincidunt. Duis leo. Sed fringilla mauris sit amet nibh. Donec sodales sagittis magna. Sed consequat, leo eget bibendum sodales, augue velit cursus nunc, quis gravida magna mi a libero. Fusce vulputate eleifend sapien. Vestibulum purus quam, scelerisque ut, mollis sed, nonummy id, metus.",
      "added_at": "2014-10-21T21:27:18.538Z",
      "related_slider": 2,
      "featured_image": "blog/post/galileo.jpg",
      "full_content": "<p><span style=\"background-color:rgb(255, 255, 255); color:rgb(102, 102, 102)\">A wonderful serenity has taken possession of my entire soul, like these sweet mornings of spring which I enjoy with my whole heart. I am alone, and feel the charm of existence in this spot, which was created for the bliss of souls like mine. I am so happy, my dear friend, so absorbed in the exquisite sense of mere tranquil existence, that I neglect my talents. I should be incapable of drawing a single stroke at the present moment; and yet I feel that I never was a greater artist than now. When, while the lovely valley teems with vapour around me, and the meridian sun strikes the upper surface of the impenetrable foliage of my trees, and but a few stray gleams steal into the inner sanctuary, I throw myself down among the tall grass by the trickling stream; and, as I lie close to the earth, a thousand unknown plants are noticed by me: when I hear the buzz of the little world among the stalks, and grow familiar with the countless indescribable forms of the insects and flies, then I feel the presence of the Almighty, who formed us in his own image, and the breath of that universal love which bears and sustains us, as it floats around us in an eternity of bliss; and then, my friend, when darkness overspreads my eyes, and heaven and earth seem to dwell in my soul and absorb its power, like the form of a beloved mistress, then I often think with longing, Oh, would I could describe these conceptions, could impress upon paper all that is living so full and warm within me, that it might be the mirror of my soul, as my soul is the mirror of the infinite God! O my friend -- but it is too much for my strength -- I sink under the weight of the splendour of these visions! A wonderful serenity has taken possession of my entire soul, like these sweet mornings of spring which I enjoy with my whole heart. I am alone, and feel the charm of existence in this spot, which was created for the bliss of souls like mine. I am so happy, my dear friend, so absorbed in the exquisite sense of mere tranquil existence, that I neglect my talents. I should be incapable of drawing a single stroke at the present moment; and yet I feel that I never was a greater artist than now. When, while the lovely valley teems with vapour around me, and the meridian sun strikes the upper surface of the impenetrable foliage of my trees, and but a few stray gleams steal into the inner sanctuary, I throw myself down among the tall grass by the trickling stream; and, as I lie close to the earth, a thousand unknown plants are noticed by me: when I hear the buzz of the little world among the stalks, and grow familiar with the countless indescribable forms of the insects and flies, then I feel the presence of the Almighty, who formed us in his own image, and the breath of that universal love which bears and sustains us, as it floats around us in an eternity of bliss; and then, my friend, when darkness overspreads my eyes, and heaven and earth seem to dwell in my soul and absorb its power, like the form of a beloved mistress, then I often think with longing, Oh, would I could describe these conceptions, could impress upon paper all that is living so full and warm within me, that it might be the mirror of my soul, as my soul is the mirror of the infinite God! O my friend -- but it is too much for my strength -- I sink under the weight of the splendour of these visions! A wonderful serenity has taken possession of my entire soul, like these sweet mornings of spring which I enjoy with my whole heart. I am alone, and feel the charm of existence in this spot, which was created for the bliss of souls like mine. I am so happy, my dear friend, so absorbed in the exquisite sense of mere tranquil existence, that I neglect my talents. I should be incapable of drawing a single stroke at the present moment; and yet I feel that I never was a greater artist than now. When, while the lovely valley teems with vapour around me, and the meridian sun strikes the upper surface of the impenetrable foliage of my trees, and but a few stray gleams steal into the inner sanctuary, I throw myself down among the tall grass by the trickling stream; and, as I lie close to the earth, a thousand unknown plants are noticed by me: when I hear the buzz of the little world among the stalks, and grow familiar with the countless indescribable forms of the insects and flies, then I feel the presence of the Almighty, who formed us in his own image, and the breath of that universal love which bears and sustains us, as it floats around us in an eternity of bliss; and then, my friend, when darkness overspreads my eyes, and heaven and earth seem to dwell in my soul and absorb its power, like the form of a beloved mistress, then I often think with longing, Oh, would I could describe these conceptions, could impress upon paper all that is living so full and warm within me, that it might be the mirror of my soul, as my soul is the mirror of the infinite God! O my friend -- but it is too much for my strength -- I sink under the weight of the splendour of these visions! A wonderful serenity has taken possession of my entire soul, like these sweet mornings of spring which I enjoy with my whole heart. I am alone, and feel the charm of existence in this spot, which was created for the bliss of souls like mine. I am so happy, my dear friend, so absorbed in the exquisite sense of mere tranquil existence, that I neglect my talents. I should be incapable of drawing a single stroke at the present moment; and yet I feel that I never was a greater artist than now. When, while the lovely valley teems with vapour around me, and the meridian sun strikes the upper surface of the impenetrable foliage of my trees, and but a few stray gleams steal into the inner sanctuary, I throw myself down among the tall grass by the trickling stream; and, as I lie close to the earth, a thousand unknown plants are noticed by me: when I hear the buzz of the little world among the stalks, and grow familiar with the countless indescribable forms of the insects and flies, then I feel the presence of the Almighty, who formed us in his own image, and the breath of that universal love which bears and sustains us, as it floats around us in an eternity of bliss; and then, my friend, when darkness overspreads my eyes, and heaven and earth seem to dwell in my soul and absorb its power, like the form of a beloved mistress, then I often think with longing, Oh, would I could describe these conceptions, could impress upon paper all that is living so full and warm within me, that it might be the mirror of my soul, as my soul is the mirror of the infinite God! O my friend -- but it is too much for my strength -- I sink under the weight of the splendour of these visions! A wonderful serenity has taken possession of my entire soul, like these sweet mornings of spring which I enjoy with my whole heart. I am alone, and feel the charm of <span class=\"marker\">existence in this spot, which was created for the bliss of souls like mine. I am so happy, my dear friend, so absorbed in the exquisite sense of mere tranquil existence, that I neglect my talents. I should be incapable of drawing a single stroke at the present moment; and yet </span>I feel that I never was a greater artist than now.</span></p>\r\n",
      "slug": "galileo",
      "categories": [
        3,
        4,
        5,
        6
      ]
    }
  },
  {
    "pk": 6,
    "model": "blog.post",
    "fields": {
      "status": 1,
      "title": "Dostoevsky",
      "modified_at": "2014-10-21T23:31:27.202Z",
      "short_content": "Nullam accumsan lorem in dui. Cras ultricies mi eu turpis hendrerit fringilla. Vestibulum ante ipsum primis in faucibus orci luctus et ultrices posuere cubilia Curae.",
      "added_at": "2014-10-21T21:29:18.050Z",
      "related_slider": 2,
      "featured_image": "blog/post/dostoevsky.jpg",
      "full_content": "<p>A wonderful serenity has taken possession of my entire soul, like these sweet mornings of spring which I enjoy with my whole heart. I am alone, and feel the charm of existence in this spot, which was created for the bliss of souls like mine. I am so happy, my dear friend, so absorbed in the exquisite sense of mere tranquil existence, that I neglect my talents. I should be incapable of drawing a single stroke at the present moment; and yet I feel that I never was a greater artist than now. When, while the lovely valley teems with vapour around me, and the meridian sun strikes the upper surface of the impenetrable foliage of my trees, and but a few stray gleams steal into the inner sanctuary, I throw myself down among the tall grass by the trickling stream; and, as I lie close to the earth, a thousand unknown plants are noticed by me: when I hear the buzz of the little world among the stalks, and grow familiar with the countless indescribable forms of the insects and flies, then I feel the presence of the Almighty, who formed us in his own image, and the breath of that universal love which bears and sustains us, as it floats around us in an eternity of bliss; and then, my friend, when darkness overspreads my eyes, and heaven and earth seem to dwell in my soul and absorb its power, like the form of a beloved mistress, then I often think with longing, Oh, would I could describe these conceptions, could impress upon paper all that is living so full and warm within me, that it might be the mirror of my soul, as my soul is the mirror of the infinite God! O my friend -- but it is too much for my strength -- I sink under the weight of the splendour of these visions! A wonderful serenity has taken possession of my entire soul, like these sweet mornings of spring which I enjoy with my whole heart. I am alone, and feel the charm of existence in this spot, which was created for the bliss of souls like mine. I am so happy, my dear friend, so absorbed in the exquisite sense of mere tranquil existence, that I neglect my talents. I should be incapable of drawing a single stroke at the present moment; and yet I feel that I never was a greater artist than now. When, while the lovely valley teems with vapour around me, and the meridian sun strikes the upper surface of the impenetrable foliage of my trees, and but a few stray gleams steal into the inner sanctuary, I throw myself down among the tall grass by the trickling stream; and, as I lie close to the earth, a thousand unknown plants are noticed by me: when I hear the buzz of the little world among the stalks, and grow familiar with the countless indescribable forms of the insects and flies, then I feel the presence of the Almighty, who formed us in his own image, and the breath of that universal love which bears and sustains us, as it floats around us in an eternity of bliss; and then, my friend, when darkness overspreads my eyes, and heaven and earth seem to dwell in my soul and absorb its power, like the form of a beloved mistress, then I often think with longing, Oh, would I could describe these conceptions, could impress upon paper all that is living so full and warm within me, that it might be the mirror of my soul, as my soul is the mirror of the infinite God! O my friend -- but it is too much for my strength -- I sink under the weight of the splendour of these visions! A wonderful serenity has taken possession of my entire soul, like these sweet mornings of spring which I enjoy with my whole heart. I am alone, and feel the charm of existence in this spot, which was created for the bliss of souls like mine. I am so happy, my dear friend, so absorbed in the exquisite sense of mere tranquil existence, that I neglect my talents. I should be incapable of drawing a single stroke at the present moment; and yet I feel that I never was a greater artist than now. When, while the lovely valley teems with vapour around me, and the meridian sun strikes the upper surface of the impenetrable foliage of my trees, and but a few stray gleams steal into the inner sanctuary, I throw myself down among the tall grass by the trickling stream; and, as I lie close to the earth, a thousand unknown plants are noticed by me: when I hear the buzz of the little world among the stalks, and grow familiar with the countless indescribable forms of the insects and flies, then I feel the presence of the Almighty, who formed us in his own image, and the breath of that universal love which bears and sustains us, as it floats around us in an eternity of bliss; and then, my friend, when darkness overspreads my eyes, and heaven and earth seem to dwell in my soul and absorb its power, like the form of a beloved mistress, then I often think with longing, Oh, would I could describe these conceptions, could impress upon paper all that is living so full and warm within me, that it might be the mirror of my soul, as my soul is the mirror of the infinite God! O my friend -- but it is too much for my strength -- I sink under the weight of the splendour of these visions! A wonderful serenity has taken possession of my entire soul, like these sweet mornings of spring which I enjoy with my whole heart. I am alone, and feel the charm of existence in this spot, which was created for the bliss of souls like mine. I am so happy, my dear friend, so absorbed in the exquisite sense of mere tranquil existence, that I neglect my talents. I should be incapable of drawing a single stroke at the present moment; and yet I feel that I never was a greater artist than now. When, while the lovely valley teems with vapour around me, and the meridian sun strikes the upper surface of the impenetrable foliage of my trees, and but a few stray gleams steal into the inner sanctuary, I throw myself down among the tall grass by the trickling stream; and, as I lie close to the earth, a thousand unknown plants are noticed by me: when I hear the buzz of the little world among the stalks, and grow familiar with the countless indescribable forms of the insects and flies, then I feel the presence of the Almighty, who formed us in his own image, and the breath of that universal love which bears and sustains us, as it floats around us in an eternity of bliss; and then, my friend, when darkness overspreads my eyes, and heaven and earth seem to dwell in my soul and absorb its power, like the form of a beloved mistress, then I often think with longing, Oh, would I could describe these conceptions, could impress upon paper all that is living so full and warm within me, that it might be the mirror of my soul, as my soul is the mirror of the infinite God! O my friend -- but it is too much for my strength -- I sink under the weight of the splendour of these visions! A wonderful serenity has taken possession of my entire soul, like these sweet mornings of spring which I enjoy with my whole heart. I am alone, and feel the charm of existence in this spot, which was created for the bliss of souls like mine. I am so happy, my dear friend, so absorbed in the exquisite sense of mere tranquil existence, that I neglect my talents. I should be incapable of drawing a single stroke at the present moment; and yet I feel that I never was a greater artist than now.</p>\r\n\r\n<p>When, while the lovely valley teems with vapour around me, and the meridian sun strikes the upper surface of the impenetrable foliage of my trees, and but a few stray gleams steal into the inner sanctuary, I throw myself down among the tall grass by the trickling stream; and, as I lie close to the earth, a thousand unknown plants are noticed by me: when I hear the buzz of the little world among the stalks, and grow familiar with the countless indescribable forms of the insects and flies, then I feel the presence of the Almighty, who formed us in his own image, and the breath of that universal love which bears and sustains us, as it floats around us in an eternity of bliss; and then, my friend, when darkness overspreads my eyes, and heaven and earth seem to dwell in my soul and absorb its power, like the form of a beloved mistress, then I often think with longing, Oh, would I could describe these conceptions, could impress upon paper all that is living so full and warm within me, that it might be the mirror of my soul, as my soul is the mirror of the infinite God! O my friend -- but it is too much for my strength -- I sink under the weight of the splendour of these visions! A wonderful serenity has taken possession of my entire soul, like these sweet mornings of spring which I enjoy with my whole heart. I am alone, and feel the charm of existence in this spot, which was created for the bliss of souls like mine. I am so happy, my dear friend, so absorbed in the exquisite sense of mere tranquil existence, that I neglect my talents. I should be incapable of drawing a single stroke at the present moment; and yet I feel that I never was a greater artist than now. When, while the lovely valley teems with vapour around me, and the meridian sun strikes the upper surface of the impenetrable foliage of my trees, and but a few stray gleams steal into the inner sanctuary, I throw myself down among the tall grass by the trickling stream; and, as I lie close to the earth, a thousand unknown plants are noticed by me: when I hear the buzz of the little world among the stalks, and grow familiar with the countless indescribable forms of the insects and flies, then I feel the presence of the Almighty, who formed us in his own image, and the breath of that universal love which bears and sustains us, as it floats around us in an eternity of bliss; and then, my friend, when darkness overspreads my eyes, and heaven and earth seem to dwell in my soul and absorb its power, like the form of a beloved mistress, then I often think with longing, Oh, would I could describe these conceptions, could impress upon paper all that is living so full and warm within me, that it might be the mirror of my soul, as my soul is the mirror of the infinite God! O my friend -- but it is too much for my strength -- I sink under the weight of the splendour of these visions! A wonderful serenity has taken possession of my entire soul, like these sweet mornings of spring which I enjoy with my whole heart. I am alone, and feel the charm of existence in this spot, which was created for the bliss of souls like mine. I am so happy, my dear friend, so absorbed in the exquisite sense of mere tranquil existence, that I neglect my talents. I should be incapable of drawing a single stroke at the present moment; and yet I feel that I never was a greater artist than now. When, while the lovely valley teems with vapour around me, and the meridian sun strikes the upper surface of the impenetrable foliage of my trees, and but a few stray gleams steal into the inner sanctuary, I throw myself down among the tall grass by the trickling stream; and, as I lie close to the earth, a thousand unknown plants are noticed by me: when I hear the buzz of the little world among the stalks, and grow familiar with the countless indescribable forms of the insects and flies, then I feel the presence of the Almighty, who formed us in his own image, and the breath of that universal love which bears and sustains us, as it floats around us in an eternity of bliss; and then, my friend, when darkness overspreads my eyes, and heaven and earth seem to dwell in my soul and absorb its power, like the form of a beloved mistress, then I often think with longing, Oh, would I could describe these conceptions, could impress upon paper all that is living so full and warm within me, that it might be the mirror of my soul, as my soul is the mirror of the infinite God! O my friend -- but it is too much for my strength -- I sink under the weight of the splendour of these visions! A wonderful serenity has taken possession of my entire soul, like these sweet mornings of spring which I enjoy with my whole heart. I am alone, and feel the charm of existence in this spot, which was created for the bliss of souls like mine. I am so happy, my dear friend, so absorbed in the exquisite sense of mere tranquil existence, that I neglect my talents. I should be incapable of drawing a single stroke at the present moment; and yet I feel that I never was a greater artist than now. When, while the lovely valley teems with vapour around me, and the meridian sun strikes the upper surface of the impenetrable foliage of my trees, and but a few stray gleams steal into the inner sanctuary, I throw myself down among the tall grass by the trickling stream; and, as I lie close to the earth, a thousand unknown plants are noticed by me: when I hear the buzz of the little world among the stalks, and grow familiar with the countless indescribable forms of the insects and flies, then I feel the presence of the Almighty, who formed us in his own image, and the breath of that universal love which bears and sustains us, as it floats around us in an eternity of bliss; and then, my friend, when darkness overspreads my eyes, and heaven and earth seem to dwell in my soul and absorb its power, like the form of a beloved mistress, then I often think with longing, Oh, would I could describe these conceptions, could impress upon paper all that is living so full and warm within me, that it might be the mirror of my soul, as my soul is the mirror of the infinite God! O my friend -- but it is too much for my strength -- I sink under the weight of the splendour of these visions! A wonderful serenity has taken possession of my entire soul, like these sweet mornings of spring which I enjoy with my whole heart. I am alone, and feel the charm of existence in this spot, which was created for the bliss of souls like mine. I am so happy, my dear friend, so absorbed in the exquisite sense of mere tranquil existence, that I neglect my talents. I should be incapable of drawing a single stroke at the present moment; and yet I feel that I never was a greater artist than now. When, while the lovely valley teems with vapour around me, and the meridian sun strikes the upper surface of the impenetrable foliage of my trees, and but a few stray gleams steal into the inner sanctuary, I throw myself down among the tall grass by the trickling stream; and, as I lie close to the earth, a thousand unknown plants are noticed by me: when I hear the buzz of the little world among the stalks, and grow familiar with the countless indescribable forms of the insects and flies, then I feel the presence of the Almighty, who formed us in his own image, and the breath of that universal love which bears and sustains us, as it floats around us in an eternity of bliss; and then, my friend, when darkness overspreads my eyes, and heaven and earth seem to dwell in my soul and absorb its power, like the form of a beloved mistress, then I often think with longing, Oh, would I could describe these conceptions, could impress upon paper all that is living so full and warm within me, that it might be the mirror of my soul, as my soul is the mirror of the infinite God!</p>\r\n\r\n<p>O my friend -- but it is too much for my strength -- I sink under the weight of the splendour of these visions! A wonderful serenity has taken possession of my entire soul, like these sweet mornings of spring which I enjoy with my whole heart. I am alone, and feel the charm of existence in this spot, which was created for the bliss of souls like mine. I am so happy, my dear friend, so absorbed in the exquisite sense of mere tranquil existence, that I neglect my talents. I should be incapable of drawing a single stroke at the present moment; and yet I feel that I never was a greater artist than now. When, while the lovely valley teems with vapour around me, and the meridian sun strikes the upper surface of the impenetrable foliage of my trees, and but a few stray gleams steal into the inner sanctuary, I throw myself down among the tall grass by the trickling stream; and, as I lie close to the earth, a thousand unknown plants are noticed by me: when I hear the buzz of the little world among the stalks, and grow familiar with the countless indescribable forms of the insects and flies, then I feel the presence of the Almighty, who formed us in his own image, and the breath of that universal love which bears and sustains us, as it floats around us in an eternity of bliss; and then, my friend, when darkness overspreads my eyes, and heaven and earth seem to dwell in my soul and absorb its power, like the form of a beloved mistress, then I often think with longing, Oh, would I could describe these conceptions, could impress upon paper all that is living so full and warm within me, that it might be the mirror of my soul, as my soul is the mirror of the infinite God! O my friend -- but it is too much for my strength -- I sink under the weight of the splendour of these visions! A wonderful serenity has taken possession of my entire soul, like these sweet mornings of spring which I enjoy with my whole heart. I am alone, and feel the charm of existence in this spot, which was created for the bliss of souls like mine. I am so happy, my dear friend, so absorbed in the exquisite sense of mere tranquil existence, that I neglect my talents. I should be incapable of drawing a single stroke at the present moment; and yet I feel that I never was a greater artist than now. When, while the lovely valley teems with vapour around me, and the meridian sun strikes the upper surface of the impenetrable foliage of my trees, and but a few stray gleams steal into the inner sanctuary, I throw myself down among the tall grass by the trickling stream; and, as I lie close to the earth, a thousand unknown plants are noticed by me: when I hear the buzz of the little world among the stalks, and grow familiar with the countless indescribable forms of the insects and flies, then I feel the presence of the Almighty, who formed us in his own image, and the breath of that universal love which bears and sustains us, as it floats around us in an eternity of bliss; and then, my friend, when darkness overspreads my eyes, and heaven and earth seem to dwell in my soul and absorb its power, like the form of a beloved mistress, then I often think with longing, Oh, would I could describe these conceptions, could impress upon paper all that is living so full and warm within me, that it might be the mirror of my soul, as my soul is the mirror of the infinite God! O my friend -- but it is too much for my strength -- I sink under the weight of the splendour of these visions! A wonderful serenity has taken possession of my entire soul, like these sweet mornings of spring which I enjoy with my whole heart. I am alone, and feel the charm of existence in this spot, which was created for the bliss of souls like mine. I am so happy, my dear friend, so absorbed in the exquisite sense of mere tranquil existence, that I neglect my talents. I should be incapable of drawing a single stroke at the present moment; and yet I feel that I never was a greater artist than now. When, while the lovely valley teems with vapour around me, and the meridian sun strikes the upper surface of the impenetrable foliage of my trees, and but a few stray gleams steal into the inner sanctuary, I throw myself down among the tall grass by the trickling stream; and, as I lie close to the earth, a thousand unknown plants are noticed by me: when I hear the buzz of the little world among the stalks, and grow familiar with the countless indescribable forms of the insects and flies, then I feel the presence of the Almighty, who formed us in his own image, and the breath of that universal love which bears and sustains us, as it floats around us in an eternity of bliss; and then, my friend, when darkness overspreads my eyes, and heaven and earth seem to dwell in my soul and absorb its power, like the form of a beloved mistress, then I often think with longing, Oh, would I could describe these conceptions, could impress upon paper all that is living so full and warm within me, that it might be the mirror of my soul, as my soul is the mirror of the infinite God! O my friend -- but it is too much for my strength -- I sink under the weight of the splendour of these visions! A wonderful serenity has taken possession of my entire soul, like these sweet mornings of spring which I enjoy with my whole heart. I am alone, and feel the charm of existence in this spot, which was created for the bliss of souls like mine. I am so happy, my dear friend, so absorbed in the exquisite sense of mere tranquil existence, that I neglect my talents. I should be incapable of drawing a single stroke at the present moment; and yet I feel that I never was a greater artist than now. When, while the lovely valley teems with vapour around me, and the meridian sun strikes the upper surface of the impenetrable foliage of my trees, and but a few stray gleams steal into the inner sanctuary, I throw myself down among the tall grass by the trickling stream; and, as I lie close to the earth, a thousand unknown plants are noticed by me: when I hear the buzz of the little world among the stalks, and grow familiar with the countless indescribable forms of the insects and flies, then I feel the presence of the Almighty, who formed us in his own image, and the breath of that universal love which bears and sustains us, as it floats around us in an eternity of bliss; and then, my friend, when darkness overspreads my eyes, and heaven and earth seem to dwell in my soul and absorb its power, like the form of a beloved mistress, then I often think with longing, Oh, would I could describe these conceptions, could impress upon paper all that is living so full and warm within me, that it might be the mirror of my soul, as my soul is the mirror of the infinite God! O my friend -- but it is too much for my strength -- I sink under the weight of the splendour of these visions! A wonderful serenity has taken possession of my entire soul, like these sweet mornings of spring which I enjoy with my whole heart. I am alone, and feel the charm of existence in this spot, which was created for the bliss of souls like mine. I am so happy, my dear friend, so absorbed in the exquisite sense of mere tranquil existence, that I neglect my talents. I should be incapable of drawing a single stroke at the present moment; and yet I feel that I never was a greater artist than now.</p>\r\n\r\n<p>When, while the lovely valley teems with vapour around me, and the meridian sun strikes the upper surface of the impenetrable foliage of my trees, and but a few stray gleams steal into the inner sanctuary, I throw myself down among the tall grass by the trickling stream; and, as I lie close to the earth, a thousand unknown plants are noticed by me: when I hear the buzz of the little world among the stalks, and grow familiar with the countless indescribable forms of the insects and flies, then I feel the presence of the Almighty, who formed us in his own image, and the breath of that universal love which bears and sustains us, as it floats around us in an eternity of bliss; and then, my friend, when darkness overspreads my eyes, and heaven and earth seem to dwell in my soul and absorb its power, like the form of a beloved mistress, then I often think with longing, Oh, would I could describe these conceptions, could impress upon paper all that is living so full and warm within me, that it might be the mirror of my soul, as my soul is the mirror of the infinite God! O my friend -- but it is too much for my strength -- I sink under the weight of the splendour of these visions! A wonderful serenity has taken possession of my entire soul, like these sweet mornings of spring which I enjoy with my whole heart. I am alone, and feel the charm of existence in this spot, which was created for the bliss of souls like mine. I am so happy, my dear friend, so absorbed in the exquisite sense of mere tranquil existence, that I neglect my talents. I should be incapable of drawing a single stroke at the present moment; and yet I feel that I never was a greater artist than now. When, while the lovely valley teems with vapour around me, and the meridian sun strikes the upper surface of the impenetrable foliage of my trees, and but a few stray gleams steal into the inner sanctuary, I throw myself down among the tall grass by the trickling stream; and, as I lie close to the earth, a thousand unknown plants are noticed by me: when I hear the buzz of the little world among the stalks, and grow familiar with the countless indescribable forms of the insects and flies, then I feel the presence of the Almighty, who formed us in his own image, and the breath of that universal love which bears and sustains us, as it floats around us in an eternity of bliss; and then, my friend, when darkness overspreads my eyes, and heaven and earth seem to dwell in my soul and absorb its power, like the form of a beloved mistress, then I often think with longing, Oh, would I could describe these conceptions, could impress upon paper all that is living so full and warm within me, that it might be the mirror of my soul, as my soul is the mirror of the infinite God! O my friend -- but it is too much for my strength -- I sink under the weight of the splendour of these visions! A wonderful serenity has taken possession of my entire soul, like these sweet mornings of spring which I enjoy with my whole heart. I am alone, and feel the charm of existence in this spot, which was created for the bliss of souls like mine. I am so happy, my dear friend, so absorbed in the exquisite sense of mere tranquil existence, that I neglect my talents. I should be incapable of drawing a single stroke at the present moment; and yet I feel that I never was a greater artist than now. When, while the lovely valley teems with vapour around me, and the meridian sun strikes the upper surface of the impenetrable foliage of my trees, and but a few stray gleams steal into the inner sanctuary, I throw myself down among the tall grass by the trickling stream; and, as I lie close to the earth, a thousand unknown plants are noticed by me: when I hear the buzz of the little world among the stalks, and grow familiar with the countless indescribable forms of the insects and flies, then I feel the presence of the Almighty, who formed us in his own image, and the breath of that universal love which bears and sustains us, as it floats around us in an eternity of bliss; and then, my friend, when darkness overspreads my eyes, and heaven and earth seem to dwell in my soul and absorb its power, like the form of a beloved mistress, then I often think with longing, Oh, would I could describe these conceptions, could impress upon paper all that is living so full and warm within me, that it might be the mirror of my soul, as my soul is the mirror of the infinite God! O my friend -- but it is too much for my strength -- I sink under the weight of the splendour of these visions! A wonderful serenity has taken possession of my entire soul, like these sweet mornings of spring which I enjoy with my whole heart. I am alone, and feel the charm of existence in this spot, which was created for the bliss of souls like mine. I am so happy, my dear friend, so absorbed in the exquisite sense of mere tranquil existence, that I neglect my talents. I should be incapable of drawing a single stroke at the present moment; and yet I feel that I never was a greater artist than now. When, while the lovely valley teems with vapour around me, and the meridian sun strikes the upper surface of the impenetrable foliage of my trees, and but a few stray gleams steal into the inner sanctuary, I throw myself down among the tall grass by the trickling stream; and, as I lie close to the earth, a thousand unknown plants are noticed by me: when I hear the buzz of the little world among the stalks, and grow familiar with the countless indescribable forms of the insects and flies, then I feel the presence of the Almighty, who formed us in his own image, and the breath of that universal love which bears and sustains us, as it floats around us in an eternity of bliss; and then, my friend, when darkness overspreads my eyes, and heaven and earth seem to dwell in my soul and absorb its power, like the form of a beloved mistress, then I often think with longing, Oh, would I could describe these conceptions, could impress upon paper all that is living so full and warm within me, that it might be the mirror of my soul, as my soul is the mirror of the infinite God! O my friend -- but it is too much for my strength -- I sink under the weight of the splendour of these visions! A wonderful serenity has taken possession of my entire soul, like these sweet mornings of spring which I enjoy with my whole heart. I am alone, and feel the charm of existence in this spot, which was created for the bliss of souls like mine. I am so happy, my dear friend, so absorbed in the exquisite sense of mere tranquil existence, that I neglect my talents. I should be incapable of drawing a single stroke at the present moment; and yet I feel that I never was a greater artist than now. When, while the lovely valley teems with vapour around me, and the meridian sun strikes the upper surface of the impenetrable foliage of my trees, and but a few stray gleams steal into the inner sanctuary, I throw myself down among the tall grass by the trickling stream; and, as I lie close to the earth, a thousand unknown plants are noticed by me: when I hear the buzz of the little world among the stalks, and grow familiar with the countless indescribable forms of the insects and flies, then I feel the presence of the Almighty, who formed us in his own image, and the breath of that universal love which bears and sustains us, as it floats around us in an eternity of bliss; and then, my friend, when darkness overspreads my eyes, and heaven and earth seem to dwell in my soul and absorb its power, like the form of a beloved mistress, then I often think with longing, Oh, would I could describe these conceptions, could impress upon paper all that is living so full and warm within me, that it might be the mirror of my soul, as my soul is the mirror of the infinite God! O my friend -- but it is too much for my strength -- I sink under the weight of the splendour of these visions!</p>\r\n\r\n<p><big><span class=\"marker\">A wonderful serenity has taken possession of my entire soul, like these sweet mornings of spring which I enjoy with my whole heart. I am alone, and feel the charm of existence in this spot, which was created for the bliss of souls like mine. I am so happy, my dear friend, so absorbed in the exquisite sense of mere tranquil existence, that I neglect my talents. I should be incapable of drawing a single stroke at the present moment; and yet I feel that I never was a greater artist than now. When, while the lovely valley teems with vapour around me, and the meridian sun strikes the upper surface of the impenetrable foliage of my trees, and but a few stray gleams steal into the inner sanctuary, I throw myself down among the tall grass by the trickling stream; and, as I lie close to the earth, a thousand unknown plants are noticed by me: when I hear the buzz of the little world among the stalks, and grow familiar with the countless indescribable forms of the insects and flies, then I feel the presence of the Almighty, who formed us in his own image, and the breath of that universal love which bears and sustains us, as it floats around us in an eternity of bliss; and then, my friend, when darkness overspreads my eyes, and heaven and earth seem to dwell in my soul and absorb its power, like the form of a beloved mistress, then I often think with longing, Oh, would I could describe these conceptions, could impress upon paper all that is living so full and warm within me, that it might be the mirror of my soul, as my soul is the mirror of the infinite God! O my friend -- but it is too much for my strength -- I sink under the weight of the splendour of these visions! A wonderful serenity has taken possession of my entire soul, like these sweet mornings of spring which I enjoy with my whole heart. I am alone, and feel the charm of existence in this spot, which was created for the bliss of souls like mine. I am so happy, my dear friend, so absorbed in the exquisite sense of mere tranquil existence, that I neglect my talents. I should be incapable of drawing a single stroke at the present moment; and yet I feel that I never was a greater artist than now. When, while the lovely valley teems with vapour around me, and the meridian sun strikes the upper surface of the impenetrable foliage of my trees, and but a few stray gleams steal into the inner sanctuary, I throw myself down among the tall grass by the trickling stream; and, as I lie close to the earth, a thousand unknown plants are noticed by me: when I hear the buzz of the little world among the stalks, and grow familiar with the countless indescribable forms of the insects and flies, then I feel the presence of the Almighty, who formed us in his own image, and the breath of that universal love which bears and sustains us, as it floats around us in an eternity of bliss; and then, my friend, when darkness overspreads my eyes, and heaven and earth seem to dwell in my soul and absorb its power, like the form of a beloved mistress, then I often think with longing, Oh, would I could describe these conceptions, could impress upon paper all that is living so full and warm within me, that it might be the mirror of my soul, as my soul is the mirror of the infinite God! O my friend -- but it is too much for my strength -- I sink under the weight of the splendour of these visions! A wonderful serenity has taken possession of my entire soul, like these sweet mornings of spring which I enjoy with my whole heart. I am alone, and feel the charm of existence in this spot, which was created for the bliss of souls like mine. I am so happy, my dear friend, so absorbed in the exquisite sense of mere tranquil existence, that I neglect my talents. I should be incapable of drawing a single stroke at the present moment; and yet I feel that I never was a greater artist than now. When, while the lovely valley teems with vapour around me, and the meridian sun strikes the upper surface of the impenetrable foliage of my trees, and but a few stray gleams steal into the inner sanctuary, I throw myself down among the tall grass by the trickling stream; and, as I lie close to the earth, a thousand unknown plants are noticed by me: when I hear the buzz of the little world among the stalks, and grow familiar with the countless indescribable forms of the insects and flies, then I feel the presence of the Almighty, who formed us in his own image, and the breath of that universal love which bears and sustains us, as it floats around us in an eternity of bliss; and then, my friend, when darkness overspreads my eyes, and heaven and earth seem to dwell in my soul and absorb its power, like the form of a beloved mistress, then I often think with longing, Oh, would I could describe these conceptions, could impress upon paper all that is living so full and warm within me, that it might be the mirror of my soul, as my soul is the mirror of the infinite God! O my friend -- but it is too much for my strength -- I sink under the weight of the splendour of these visions! A wonderful serenity has taken possession of my entire soul, like these sweet mornings of spring which I enjoy with my whole heart. I am alone, and feel the charm of existence in this spot, which was created for the bliss of souls like mine. I am so happy, my dear friend, so absorbed in the exquisite sense of mere tranquil existence, that I neglect my talents. I should be incapable of drawing a single stroke at the present moment; and yet I feel that I never was a greater artist than now. When, while the lovely valley teems with vapour around me, and the meridian sun strikes the upper surface of the impenetrable foliage of my trees, and but a few stray gleams steal into the inner sanctuary, I throw myself down among the tall grass by the trickling stream; and, as I lie close to the earth, a thousand unknown plants are noticed by me: when I hear the buzz of the little world among the stalks, and grow familiar with the countless indescribable forms of the insects and flies, then I feel the presence of the Almighty, who formed us in his own image, and the breath of that universal love which bears and sustains us, as it floats around us in an eternity of bliss; and then, my friend, when darkness overspreads my eyes, and heaven and earth seem to dwell in my soul and absorb its power, like the form of a beloved mistress, then I often think with longing, Oh, would I could describe these conceptions, could impress upon paper all that is living so full and warm within me, that it might be the mirror of my soul, as my soul is the mirror of the infinite God! O my friend -- but it is too much for my strength -- I sink under the weight of the splendour of these visions! A wonderful serenity has taken possession of my entire soul, like these sweet mornings of spring which I enjoy with my whole heart. I am alone, and feel the charm of existence in this spot, which was created for the bliss of souls like mine. I am so happy, my dear friend, so absorbed in the exquisite sense of mere tranquil existence, that I neglect my talents. I should be incapable of drawing a single stroke at the present moment; and yet I feel that I never was a greater artist than now.</span></big></p>\r\n\r\n<p>When, while the lovely valley teems with vapour around me, and the meridian sun strikes the upper surface of the impenetrable foliage of my trees, and but a few stray gleams steal into the inner sanctuary, I throw myself down among the tall grass by the trickling stream; and, as I lie close to the earth, a thousand unknown plants are noticed by me: when I hear the buzz of the little world among the stalks, and grow familiar with the countless indescribable forms of the insects and flies, then I feel the presence of the Almighty, who formed us in his own image, and the breath of that universal love which bears and sustains us, as it floats around us in an eternity of bliss; and then, my friend, when darkness overspreads my eyes, and heaven and earth seem to dwell in my soul and absorb its power, like the form of a beloved mistress, then I often think with longing, Oh, would I could describe these conceptions, could impress upon paper all that is living so full and warm within me, that it might be the mirror of my soul, as my soul is the mirror of the infinite God! O my friend -- but it is too much for my strength -- I sink under the weight of the splendour of these visions! A wonderful serenity has taken possession of my entire soul, like these sweet mornings of spring which I enjoy with my whole heart. I am alone, and feel the charm of existence in this spot, which was created for the bliss of souls like mine. I am so happy, my dear friend, so absorbed in the exquisite sense of mere tranquil existence, that I neglect my talents. I should be incapable of drawing a single stroke at the present moment; and yet I feel that I never was a greater artist than now. When, while the lovely valley teems with vapour around me, and the meridian sun strikes the upper surface of the impenetrable foliage of my trees, and but a few stray gleams steal into the inner sanctuary, I throw myself down among the tall grass by the trickling stream; and, as I lie close to the earth, a thousand unknown plants are noticed by me: when I hear the buzz of the little world among the stalks, and grow familiar with the countless indescribable forms of the insects and flies, then I feel the presence of the Almighty, who formed us in his own image, and the breath of that universal love which bears and sustains us, as it floats around us in an eternity of bliss; and then, my friend, when darkness overspreads my eyes, and heaven and earth seem to dwell in my soul and absorb its power, like the form of a beloved mistress, then I often think with longing, Oh, would I could describe these conceptions, could impress upon paper all that is living so full and warm within me, that it might be the mirror of my soul, as my soul is the mirror of the infinite God! O my friend -- but it is too much for my strength -- I sink under the weight of the splendour of these visions! A wonderful serenity has taken possession of my entire soul, like these sweet mornings of spring which I enjoy with my whole heart. I am alone, and feel the charm of existence in this spot, which was created for the bliss of souls like mine. I am so happy, my dear friend, so absorbed in the exquisite sense of mere tranquil existence, that I neglect my talents. I should be incapable of drawing a single stroke at the present moment; and yet I feel that I never was a greater artist than now. When, while the lovely valley teems with vapour around me, and the meridian sun strikes the upper surface of the impenetrable foliage of my trees, and but a few stray gleams steal into the inner sanctuary, I throw myself down among the tall grass by the trickling stream; and, as I lie close to the earth, a thousand unknown plants are noticed by me: when I hear the buzz of the little world among the stalks, and grow familiar with the countless indescribable forms of the insects and flies, then I feel the presence of the Almighty, who formed us in his own image, and the breath of that universal love which bears and sustains us, as it floats around us in an eternity of bliss; and then, my friend, when darkness overspreads my eyes, and heaven and earth seem to dwell in my soul and absorb its power, like the form of a beloved mistress, then I often think with longing, Oh, would I could describe these conceptions, could impress upon paper all that is living so full and warm within me, that it might be the mirror of my soul, as my soul is the mirror of the infinite God! O my friend -- but it is too much for my strength -- I sink under the weight of the splendour of these visions! A wonderful serenity has taken possession of my entire soul, like these sweet mornings of spring which I enjoy with my whole heart. I am alone, and feel the charm of existence in this spot, which was created for the bliss of souls like mine. I am so happy, my dear friend, so absorbed in the exquisite sense of mere tranquil existence, that I neglect my talents. I should be incapable of drawing a single stroke at the present moment; and yet I feel that I never was a greater artist than now. When, while the lovely valley teems with vapour around me, and the meridian sun strikes the upper surface of the impenetrable foliage of my trees, and but a few stray gleams steal into the inner sanctuary, I throw myself down among the tall grass by the trickling stream; and, as I lie close to the earth, a thousand unknown plants are noticed by me: when I hear the buzz of the little world among the stalks, and grow familiar with the countless indescribable forms of the insects and flies, then I feel the presence of the Almighty, who formed us in his own image, and the breath of that universal love which bears and sustains us, as it floats around us in an eternity of bliss; and then, my friend, when darkness overspreads my eyes, and heaven and earth seem to dwell in my soul and absorb its power, like the form of a beloved mistress, then I often think with longing, Oh, would I could describe these conceptions, could impress upon paper all that is living so full and warm within me, that it might be the mirror of my soul, as my soul is the mirror of the infinite God! O my friend -- but it is too much for my strength -- I sink under the weight of the splendour of these visions! A wonderful serenity has taken possession of my entire soul, like these sweet mornings of spring which I enjoy with my whole heart. I am alone, and feel the charm of existence in this spot, which was created for the bliss of souls like mine. I am so happy, my dear friend, so absorbed in the exquisite sense of mere tranquil existence, that I neglect my talents. I should be incapable of drawing a single stroke at the present moment; and yet I feel that I never was a greater artist than now. When, while the lovely valley teems with vapour around me, and the meridian sun strikes the upper surface of the impenetrable foliage of my trees, and but a few stray gleams steal into the inner sanctuary, I throw myself down among the tall grass by the trickling stream; and, as I lie close to the earth, a thousand unknown plants are noticed by me: when I hear the buzz of the little world among the stalks, and grow familiar with the countless indescribable forms of the insects and flies, then I feel the presence of the Almighty, who formed us in his own image, and the breath of that universal love which bears and sustains us, as it floats around us in an eternity of bliss; and then, my friend, when darkness overspreads my eyes, and heaven and earth seem to dwell in my soul and absorb its power, like the form of a beloved mistress, then I often think with longing, Oh, would I could describe these conceptions, could impress upon paper all that is living so full and warm within me, that it might be the mirror of my soul, as my soul is the mirror of the infinite God! O my friend -- but it is too much for my strength -- I sink under the weight of the splendour of these visions! A wonderful serenity has taken possession of my entire soul, like these sweet mornings of spring which I enjoy with my whole heart. I am alone, and feel the charm of existence in this spot, which was created for the bliss of souls like mine. I am so happy, my dear friend, so absorbed in the exquisite sense of mere tranquil existence, that I neglect my talents. I should be incapable of drawing a single stroke at the present moment; and yet I feel that I never was a greater artist than now. When, while the lovely valley teems with vapour around me, and the meridian sun strikes the upper surface of the impenetrable foliage of my trees, and but a few stray gleams steal into the inner sanctuary, I throw myself down among the tall grass by the trickling stream; and, as I lie close to the earth, a thousand unknown plants are noticed by me: when I hear the buzz of the little world among the stalks, and grow familiar with the countless indescribable forms of the insects and flies, then I feel the presence of the Almighty, who formed us in his own image, and the breath of that universal love which bears and sustains us, as it floats around us in an eternity of bliss; and then, my friend, when darkness overspreads my eyes, and heaven and earth seem to dwell in my soul and absorb its power, like the form of a beloved mistress, then I often think with longing, Oh, would I could describe these conceptions, could impress upon paper all that is living so full and warm within me, that it might be the mirror of my soul, as my soul is the mirror of the infinite God! O my friend -- but it is too much for my strength -- I sink under the weight of the splendour of these visions! A wonderful serenity has taken possession of my entire soul, like these sweet mornings of spring which I enjoy with my whole heart. I am alone, and feel the charm of existence in this spot, which was created for the bliss of souls like mine. I am so happy, my dear friend, so absorbed in the exquisite sense of mere tranquil existence, that I neglect my talents. I should be incapable of drawing a single stroke at the present moment; and yet I feel that I never was a greater artist than now. When, while the lovely valley teems with vapour around me, and the meridian sun strikes the upper surface of the impenetrable foliage of my trees, and but a few stray gleams steal into the inner sanctuary, I throw myself down among the tall grass by the trickling stream; and, as I lie close to the earth, a thousand unknown plants are noticed by me: when I hear the buzz of the little world among the stalks, and grow familiar with the countless indescribable forms of the insects and flies, then I feel the presence of the Almighty, who formed us in his own image, and the breath of that universal love which bears and sustains us, as it floats around us in an eternity of bliss; and then, my friend, when darkness overspreads <q>my eyes, and heaven and earth seem to dwell in my soul and absorb its power, like the form of a beloved mistress, then I often think with longing, Oh, would I could describe these conceptions, could impress upon paper all that is living so full and warm within me, that it might be the mirror of my soul, as my soul is the mirror of the infinite God! O my friend -- but it is too much for my strength -- I sink under the weight of the splendour of these visions! A wonderful serenity has taken possession of my entire soul, like these sweet mornings of spring which I enjoy with my whole heart. I am alone, and feel the charm of existence in this spot, which was created for the bliss of souls like mine. I am so happy, my dear friend, so absorbed in the exquisite sense of mere tranquil existence, that I neglect my talents. I should be incapable of drawing a single stroke at the present moment; and yet </q>I feel that I never was a greater artist than now. When, while the lovely valley teems with vapour around me, and the meridian sun strikes the upper surface of the impenetrable foliage of my trees, and but a few stray gleams steal into the inner sanctuary, I throw myself down among the tall grass by the trickling stream; and, as I lie close to the earth, a thousand unknown plants are noticed by me: when I hear the buzz of the little world among the stalks, and grow familiar with the countless indescribable forms of the insects and flies, then I feel the presence of the Almighty, who formed us in his own image, and the breath of that universal love which bears and sustains us, as it floats around us in an eternity of bliss; and then, my friend, when darkness overspreads my eyes, and heaven and earth seem to dwell in my soul and absorb its power, like the form of a beloved mistress, then I often think with longing, Oh, would I could describe these conceptions, could impress upon paper all that is living so full and warm within me, that it might be the mirror of my soul, as my soul is the mirror of the infinite God! O my friend -- but it is too much for my strength -- I sink under the weight of the splendour of these visions! A wonderful serenity has taken possession of my entire soul, like these sweet mornings of spring which I enjoy with my whole heart. I am alone, and feel the charm of existence in this spot, which was created for the bliss of souls like mine. I am so happy, my dear friend, so absorbed in the exquisite sense of mere tranquil existence, that I neglect my talents. I should be incapable of drawing a single stroke at the present moment; and yet I feel that I never was a greater artist than now. When, while the lovely valley teems with vapour around me, and the meridian sun strikes the upper surface of the impenetrable foliage of my trees, and but a few stray gleams steal into the inner sanctuary, I throw myself down among the tall grass by the trickling stream; and, as I lie close to the earth, a thousand unknown plants are noticed by me: when I hear the buzz of the little world among the stalks, and grow familiar with the countless indescribable forms of the insects and flies, then I feel the presence of the Almighty, who formed us in his own image, and the breath of that universal love which bears and sustains us, as it floats around us in an eternity of bliss; and then, my friend, when darkness overspreads my eyes, and heaven and earth seem to dwell in my soul and absorb its power, like the form of a beloved mistress, then I often think with longing, Oh, would I could describe these conceptions, could impress upon paper all that is living so full and warm within me, that it might be the mirror of my soul, as my soul is the mirror of the infinite God! O my friend -- but it is too much for my strength -- I sink under the weight of the splendour of these visions! A wonderful serenity has taken possession of my entire soul, like these sweet mornings of spring which I enjoy with my whole heart. I am alone, and feel the charm of existence in this spot, which was created for the bliss of souls like mine. I am so happy, my dear friend, so absorbed in the exquisite sense of mere tranquil existence, that I neglect my talents. I should be incapable of drawing a single stroke at the present moment; and yet I feel that I never was a greater artist than now. When, while the lovely valley teems with vapour around me, and the meridian sun strikes the upper...</p>\r\n",
      "slug": "dostoevsky",
      "categories": [
        1,
        2,
        3,
        4,
        5,
        6,
        7,
        8,
        9
      ]
    }
  },
  {
    "pk": 1,
    "model": "blog.subscriber",
    "fields": {
      "modified_at": "2014-10-22T00:04:00.422Z",
      "name": "Lorem",
      "added_at": "2014-10-22T00:04:00.422Z",
      "email": "lorem@mail.com"
    }
  },
  {
    "pk": 1,
    "model": "blog.contact",
    "fields": {
      "name": "Lorem",
      "modified_at": "2014-10-22T00:01:54.523Z",
      "added_at": "2014-10-22T00:01:54.523Z",
      "message": "Lorem ipsum dolor sit amet, consectetuer adipiscing elit. Aenean commodo ligula eget dolor. Aenean massa. Cum sociis natoque penatibus et magnis dis parturient montes, nascetur ridiculus mus. Donec quam felis, ultricies nec, pellentesque eu, pretium quis, sem. Nulla consequat massa quis enim.",
      "email": "lorem@mail.com",
      "subject": "Lorem"
    }
  },
  {
    "fields": {
      "text": "\u041d\u0435\u0442 \u043d\u0438\u043a\u043e\u0433\u043e, \u043a\u0442\u043e \u043b\u044e\u0431\u0438\u043b \u0431\u044b \u0431\u043e\u043b\u044c \u0441\u0430\u043c\u0443 \u043f\u043e \u0441\u0435\u0431\u0435...Etiam ultricies nisi vel augue.",
      "length": 76,
      "modified_at": "2015-05-06T12:53:28.730Z",
      "user": 1,
      "added_at": "2015-05-06T07:02:24.447Z"
    },
    "model": "blog.beep"
  },
  {
    "fields": {
      "text": "Duis lobortis massa imperdiet",
      "length": 29,
      "modified_at": "2015-05-06T10:44:14.538Z",
      "user": null,
      "added_at": "2015-05-06T10:44:14.538Z"
    },
    "model": "blog.beep"
  },
  {
    "fields": {
      "text": "Donec mi odio faucibus...pundo-mindo.",
      "length": 37,
      "modified_at": "2015-05-06T13:23:39.378Z",
      "user": 1,
      "added_at": "2015-05-06T10:44:22.031Z"
    },
    "model": "blog.beep"
  },
  {
    "fields": {
      "text": "Proin viverra ligula sit",
      "length": 24,
      "modified_at": "2015-05-06T10:44:29.230Z",
      "user": null,
      "added_at": "2015-05-06T10:44:29.230Z"
    },
    "model": "blog.beep"
  },
  {
    "fields": {
      "text": "Praesent nec nisl a purus blandit viverra. Maecenas tempus, tellus eget condimentum rhoncus.",
      "length": 92,
      "modified_at": "2015-05-06T10:44:59.770Z",
      "user": null,
      "added_at": "2015-05-06T10:44:59.770Z"
    },
    "model": "blog.beep"
  },
  {
    "fields": {
      "text": "Phasellus ullamcorper ipsum rutrum",
      "length": 34,
      "modified_at": "2015-05-06T11:26:12.493Z",
      "user": null,
      "added_at": "2015-05-06T11:26:12.493Z"
    },
    "model": "blog.beep"
  },
  {
    "fields": {
      "text": "Vivamus in erat ut",
      "length": 18,
      "modified_at": "2015-05-06T12:20:11.963Z",
      "user": 1,
      "added_at": "2015-05-06T12:20:11.963Z"
    },
    "model": "blog.beep"
  },
  {
    "fields": {
      "text": "Nam ipsum risus rutrum",
      "length": 22,
      "modified_at": "2015-05-06T12:20:27.244Z",
      "user": 1,
      "added_at": "2015-05-06T12:20:27.244Z"
    },
    "model": "blog.beep"
  },
  {
    "fields": {
      "text": "Pellentesque habitant morbi tristique",
      "length": 37,
      "modified_at": "2015-05-06T12:28:22.653Z",
      "user": 1,
      "added_at": "2015-05-06T12:28:22.653Z"
    },
    "model": "blog.beep"
  },
  {
    "fields": {
      "text": "Lorem ipsum dolor sit",
      "length": 21,
      "modified_at": "2015-05-06T12:49:45.261Z",
      "user": 1,
      "added_at": "2015-05-06T12:49:45.261Z"
    },
    "model": "blog.beep"
  },
  {
    "fields": {
      "text": "Pellentesque habitant morbi tristique",
      "length": 37,
      "modified_at": "2015-05-06T12:55:46.639Z",
      "user": 1,
      "added_at": "2015-05-06T12:55:46.639Z"
    },
    "model": "blog.beep"
  },
  {
    "fields": {
      "text": "Sed magna purus fermentum",
      "length": 25,
      "modified_at": "2015-05-06T14:40:16.146Z",
      "user": 1,
      "added_at": "2015-05-06T14:40:16.145Z"
    },
    "model": "blog.beep"
  },
  {
    "fields": {
      "text": "Phasellus leo dolor tempus",
      "length": 26,
      "modified_at": "2015-05-06T14:40:28.706Z",
      "user": 1,
      "added_at": "2015-05-06T14:40:28.706Z"
    },
    "model": "blog.beep"
  },
  {
    "fields": {
      "text": "Class aptent taciti sociosqu",
      "length": 28,
      "modified_at": "2015-05-06T14:40:54.074Z",
      "user": 1,
      "added_at": "2015-05-06T14:40:54.074Z"
    },
    "model": "blog.beep"
  },
  {
    "fields": {
      "text": "Proin sapien ipsum porta",
      "length": 24,
      "modified_at": "2015-05-06T14:41:12.117Z",
      "user": 1,
      "added_at": "2015-05-06T14:41:12.117Z"
    },
    "model": "blog.beep"
  },
  {
    "fields": {
      "text": "Phasellus consectetuer vestibulum elit",
      "length": 38,
      "modified_at": "2015-05-06T14:42:06.648Z",
      "user": 1,
      "added_at": "2015-05-06T14:42:06.648Z"
    },
    "model": "blog.beep"
  },
  {
    "fields": {
      "text": "\u041d\u0435\u0442 \u043d\u0438\u043a\u043e\u0433\u043e, \u043a\u0442\u043e \u043b\u044e\u0431\u0438\u043b \u0431\u044b \u0431\u043e\u043b\u044c \u0441\u0430\u043c\u0443 \u043f\u043e \u0441\u0435\u0431\u0435...Etiam ultricies nisi vel augue.",
      "length": 76,
      "modified_at": "2015-05-06T12:53:28.730Z",
      "user": 1,
      "added_at": "2015-05-06T07:02:24.447Z"
    },
    "model": "blog.beep"
  },
  {
    "fields": {
      "text": "Duis lobortis massa imperdiet",
      "length": 29,
      "modified_at": "2015-05-06T10:44:14.538Z",
      "user": null,
      "added_at": "2015-05-06T10:44:14.538Z"
    },
    "model": "blog.beep"
  },
  {
    "fields": {
      "text": "Donec mi odio faucibus...pundo-mindo.",
      "length": 37,
      "modified_at": "2015-05-06T13:23:39.378Z",
      "user": 1,
      "added_at": "2015-05-06T10:44:22.031Z"
    },
    "model": "blog.beep"
  },
  {
    "fields": {
      "text": "Proin viverra ligula sit",
      "length": 24,
      "modified_at": "2015-05-06T10:44:29.230Z",
      "user": null,
      "added_at": "2015-05-06T10:44:29.230Z"
    },
    "model": "blog.beep"
  },
  {
    "fields": {
      "text": "Praesent nec nisl a purus blandit viverra. Maecenas tempus, tellus eget condimentum rhoncus.",
      "length": 92,
      "modified_at": "2015-05-06T10:44:59.770Z",
      "user": null,
      "added_at": "2015-05-06T10:44:59.770Z"
    },
    "model": "blog.beep"
  },
  {
    "fields": {
      "text": "Phasellus ullamcorper ipsum rutrum",
      "length": 34,
      "modified_at": "2015-05-06T11:26:12.493Z",
      "user": null,
      "added_at": "2015-05-06T11:26:12.493Z"
    },
    "model": "blog.beep"
  },
  {
    "fields": {
      "text": "Vivamus in erat ut",
      "length": 18,
      "modified_at": "2015-05-06T12:20:11.963Z",
      "user": 1,
      "added_at": "2015-05-06T12:20:11.963Z"
    },
    "model": "blog.beep"
  },
  {
    "fields": {
      "text": "Nam ipsum risus rutrum",
      "length": 22,
      "modified_at": "2015-05-06T12:20:27.244Z",
      "user": 1,
      "added_at": "2015-05-06T12:20:27.244Z"
    },
    "model": "blog.beep"
  },
  {
    "fields": {
      "text": "Pellentesque habitant morbi tristique",
      "length": 37,
      "modified_at": "2015-05-06T12:28:22.653Z",
      "user": 1,
      "added_at": "2015-05-06T12:28:22.653Z"
    },
    "model": "blog.beep"
  },
  {
    "fields": {
      "text": "Lorem ipsum dolor sit",
      "length": 21,
      "modified_at": "2015-05-06T12:49:45.261Z",
      "user": 1,
      "added_at": "2015-05-06T12:49:45.261Z"
    },
    "model": "blog.beep"
  },
  {
    "fields": {
      "text": "Pellentesque habitant morbi tristique",
      "length": 37,
      "modified_at": "2015-05-06T12:55:46.639Z",
      "user": 1,
      "added_at": "2015-05-06T12:55:46.639Z"
    },
    "model": "blog.beep"
  },
  {
    "fields": {
      "text": "Sed magna purus fermentum",
      "length": 25,
      "modified_at": "2015-05-06T14:40:16.146Z",
      "user": 1,
      "added_at": "2015-05-06T14:40:16.145Z"
    },
    "model": "blog.beep"
  },
  {
    "fields": {
      "text": "Phasellus leo dolor tempus",
      "length": 26,
      "modified_at": "2015-05-06T14:40:28.706Z",
      "user": 1,
      "added_at": "2015-05-06T14:40:28.706Z"
    },
    "model": "blog.beep"
  },
  {
    "fields": {
      "text": "Class aptent taciti sociosqu",
      "length": 28,
      "modified_at": "2015-05-06T14:40:54.074Z",
      "user": 1,
      "added_at": "2015-05-06T14:40:54.074Z"
    },
    "model": "blog.beep"
  },
  {
    "fields": {
      "text": "Proin sapien ipsum porta",
      "length": 24,
      "modified_at": "2015-05-06T14:41:12.117Z",
      "user": 1,
      "added_at": "2015-05-06T14:41:12.117Z"
    },
    "model": "blog.beep"
  },
  {
    "fields": {
      "text": "Phasellus consectetuer vestibulum elit",
      "length": 38,
      "modified_at": "2015-05-06T14:42:06.648Z",
      "user": 1,
      "added_at": "2015-05-06T14:42:06.648Z"
    },
    "model": "blog.beep"
  },
  {
    "fields": {
      "text": "\u041d\u0435\u0442 \u043d\u0438\u043a\u043e\u0433\u043e, \u043a\u0442\u043e \u043b\u044e\u0431\u0438\u043b \u0431\u044b \u0431\u043e\u043b\u044c \u0441\u0430\u043c\u0443 \u043f\u043e \u0441\u0435\u0431\u0435...Etiam ultricies nisi vel augue.",
      "length": 76,
      "modified_at": "2015-05-06T12:53:28.730Z",
      "user": 1,
      "added_at": "2015-05-06T07:02:24.447Z"
    },
    "model": "blog.beep"
  },
  {
    "fields": {
      "text": "Duis lobortis massa imperdiet",
      "length": 29,
      "modified_at": "2015-05-06T10:44:14.538Z",
      "user": null,
      "added_at": "2015-05-06T10:44:14.538Z"
    },
    "model": "blog.beep"
  },
  {
    "fields": {
      "text": "Donec mi odio faucibus...pundo-mindo.",
      "length": 37,
      "modified_at": "2015-05-06T13:23:39.378Z",
      "user": 1,
      "added_at": "2015-05-06T10:44:22.031Z"
    },
    "model": "blog.beep"
  },
  {
    "fields": {
      "text": "Proin viverra ligula sit",
      "length": 24,
      "modified_at": "2015-05-06T10:44:29.230Z",
      "user": null,
      "added_at": "2015-05-06T10:44:29.230Z"
    },
    "model": "blog.beep"
  },
  {
    "fields": {
      "text": "Praesent nec nisl a purus blandit viverra. Maecenas tempus, tellus eget condimentum rhoncus.",
      "length": 92,
      "modified_at": "2015-05-06T10:44:59.770Z",
      "user": null,
      "added_at": "2015-05-06T10:44:59.770Z"
    },
    "model": "blog.beep"
  },
  {
    "fields": {
      "text": "Phasellus ullamcorper ipsum rutrum",
      "length": 34,
      "modified_at": "2015-05-06T11:26:12.493Z",
      "user": null,
      "added_at": "2015-05-06T11:26:12.493Z"
    },
    "model": "blog.beep"
  },
  {
    "fields": {
      "text": "Vivamus in erat ut",
      "length": 18,
      "modified_at": "2015-05-06T12:20:11.963Z",
      "user": 1,
      "added_at": "2015-05-06T12:20:11.963Z"
    },
    "model": "blog.beep"
  },
  {
    "fields": {
      "text": "Nam ipsum risus rutrum",
      "length": 22,
      "modified_at": "2015-05-06T12:20:27.244Z",
      "user": 1,
      "added_at": "2015-05-06T12:20:27.244Z"
    },
    "model": "blog.beep"
  },
  {
    "fields": {
      "text": "Pellentesque habitant morbi tristique",
      "length": 37,
      "modified_at": "2015-05-06T12:28:22.653Z",
      "user": 1,
      "added_at": "2015-05-06T12:28:22.653Z"
    },
    "model": "blog.beep"
  },
  {
    "fields": {
      "text": "Lorem ipsum dolor sit",
      "length": 21,
      "modified_at": "2015-05-06T12:49:45.261Z",
      "user": 1,
      "added_at": "2015-05-06T12:49:45.261Z"
    },
    "model": "blog.beep"
  },
  {
    "fields": {
      "text": "Pellentesque habitant morbi tristique",
      "length": 37,
      "modified_at": "2015-05-06T12:55:46.639Z",
      "user": 1,
      "added_at": "2015-05-06T12:55:46.639Z"
    },
    "model": "blog.beep"
  },
  {
    "fields": {
      "text": "Sed magna purus fermentum",
      "length": 25,
      "modified_at": "2015-05-06T14:40:16.146Z",
      "user": 1,
      "added_at": "2015-05-06T14:40:16.145Z"
    },
    "model": "blog.beep"
  },
  {
    "fields": {
      "text": "Phasellus leo dolor tempus",
      "length": 26,
      "modified_at": "2015-05-06T14:40:28.706Z",
      "user": 1,
      "added_at": "2015-05-06T14:40:28.706Z"
    },
    "model": "blog.beep"
  },
  {
    "fields": {
      "text": "Class aptent taciti sociosqu",
      "length": 28,
      "modified_at": "2015-05-06T14:40:54.074Z",
      "user": 1,
      "added_at": "2015-05-06T14:40:54.074Z"
    },
    "model": "blog.beep"
  },
  {
    "fields": {
      "text": "Proin sapien ipsum porta",
      "length": 24,
      "modified_at": "2015-05-06T14:41:12.117Z",
      "user": 1,
      "added_at": "2015-05-06T14:41:12.117Z"
    },
    "model": "blog.beep"
  },
  {
    "fields": {
      "text": "Phasellus consectetuer vestibulum elit",
      "length": 38,
      "modified_at": "2015-05-06T14:42:06.648Z",
      "user": 1,
      "added_at": "2015-05-06T14:42:06.648Z"
    },
    "model": "blog.beep"
  },
  {
    "fields": {
      "text": "\u041d\u0435\u0442 \u043d\u0438\u043a\u043e\u0433\u043e, \u043a\u0442\u043e \u043b\u044e\u0431\u0438\u043b \u0431\u044b \u0431\u043e\u043b\u044c \u0441\u0430\u043c\u0443 \u043f\u043e \u0441\u0435\u0431\u0435...Etiam ultricies nisi vel augue.",
      "length": 76,
      "modified_at": "2015-05-06T12:53:28.730Z",
      "user": 1,
      "added_at": "2015-05-06T07:02:24.447Z"
    },
    "model": "blog.beep"
  },
  {
    "fields": {
      "text": "Duis lobortis massa imperdiet",
      "length": 29,
      "modified_at": "2015-05-06T10:44:14.538Z",
      "user": null,
      "added_at": "2015-05-06T10:44:14.538Z"
    },
    "model": "blog.beep"
  },
  {
    "fields": {
      "text": "Donec mi odio faucibus...pundo-mindo.",
      "length": 37,
      "modified_at": "2015-05-06T13:23:39.378Z",
      "user": 1,
      "added_at": "2015-05-06T10:44:22.031Z"
    },
    "model": "blog.beep"
  },
  {
    "fields": {
      "text": "Proin viverra ligula sit",
      "length": 24,
      "modified_at": "2015-05-06T10:44:29.230Z",
      "user": null,
      "added_at": "2015-05-06T10:44:29.230Z"
    },
    "model": "blog.beep"
  },
  {
    "fields": {
      "text": "Praesent nec nisl a purus blandit viverra. Maecenas tempus, tellus eget condimentum rhoncus.",
      "length": 92,
      "modified_at": "2015-05-06T10:44:59.770Z",
      "user": null,
      "added_at": "2015-05-06T10:44:59.770Z"
    },
    "model": "blog.beep"
  },
  {
    "fields": {
      "text": "Phasellus ullamcorper ipsum rutrum",
      "length": 34,
      "modified_at": "2015-05-06T11:26:12.493Z",
      "user": null,
      "added_at": "2015-05-06T11:26:12.493Z"
    },
    "model": "blog.beep"
  },
  {
    "fields": {
      "text": "Vivamus in erat ut",
      "length": 18,
      "modified_at": "2015-05-06T12:20:11.963Z",
      "user": 1,
      "added_at": "2015-05-06T12:20:11.963Z"
    },
    "model": "blog.beep"
  },
  {
    "fields": {
      "text": "Nam ipsum risus rutrum",
      "length": 22,
      "modified_at": "2015-05-06T12:20:27.244Z",
      "user": 1,
      "added_at": "2015-05-06T12:20:27.244Z"
    },
    "model": "blog.beep"
  },
  {
    "fields": {
      "text": "Pellentesque habitant morbi tristique",
      "length": 37,
      "modified_at": "2015-05-06T12:28:22.653Z",
      "user": 1,
      "added_at": "2015-05-06T12:28:22.653Z"
    },
    "model": "blog.beep"
  },
  {
    "fields": {
      "text": "Lorem ipsum dolor sit",
      "length": 21,
      "modified_at": "2015-05-06T12:49:45.261Z",
      "user": 1,
      "added_at": "2015-05-06T12:49:45.261Z"
    },
    "model": "blog.beep"
  },
  {
    "fields": {
      "text": "Pellentesque habitant morbi tristique",
      "length": 37,
      "modified_at": "2015-05-06T12:55:46.639Z",
      "user": 1,
      "added_at": "2015-05-06T12:55:46.639Z"
    },
    "model": "blog.beep"
  },
  {
    "fields": {
      "text": "Sed magna purus fermentum",
      "length": 25,
      "modified_at": "2015-05-06T14:40:16.146Z",
      "user": 1,
      "added_at": "2015-05-06T14:40:16.145Z"
    },
    "model": "blog.beep"
  },
  {
    "fields": {
      "text": "Phasellus leo dolor tempus",
      "length": 26,
      "modified_at": "2015-05-06T14:40:28.706Z",
      "user": 1,
      "added_at": "2015-05-06T14:40:28.706Z"
    },
    "model": "blog.beep"
  },
  {
    "fields": {
      "text": "Class aptent taciti sociosqu",
      "length": 28,
      "modified_at": "2015-05-06T14:40:54.074Z",
      "user": 1,
      "added_at": "2015-05-06T14:40:54.074Z"
    },
    "model": "blog.beep"
  },
  {
    "fields": {
      "text": "Proin sapien ipsum porta",
      "length": 24,
      "modified_at": "2015-05-06T14:41:12.117Z",
      "user": 1,
      "added_at": "2015-05-06T14:41:12.117Z"
    },
    "model": "blog.beep"
  },
  {
    "fields": {
      "text": "Phasellus consectetuer vestibulum elit",
      "length": 38,
      "modified_at": "2015-05-06T14:42:06.648Z",
      "user": 1,
      "added_at": "2015-05-06T14:42:06.648Z"
    },
    "model": "blog.beep"
  },
  {
    "fields": {
      "text": "\u041d\u0435\u0442 \u043d\u0438\u043a\u043e\u0433\u043e, \u043a\u0442\u043e \u043b\u044e\u0431\u0438\u043b \u0431\u044b \u0431\u043e\u043b\u044c \u0441\u0430\u043c\u0443 \u043f\u043e \u0441\u0435\u0431\u0435...Etiam ultricies nisi vel augue.",
      "length": 76,
      "modified_at": "2015-05-06T12:53:28.730Z",
      "user": 1,
      "added_at": "2015-05-06T07:02:24.447Z"
    },
    "model": "blog.beep"
  },
  {
    "fields": {
      "text": "Duis lobortis massa imperdiet",
      "length": 29,
      "modified_at": "2015-05-06T10:44:14.538Z",
      "user": null,
      "added_at": "2015-05-06T10:44:14.538Z"
    },
    "model": "blog.beep"
  },
  {
    "fields": {
      "text": "Donec mi odio faucibus...pundo-mindo.",
      "length": 37,
      "modified_at": "2015-05-06T13:23:39.378Z",
      "user": 1,
      "added_at": "2015-05-06T10:44:22.031Z"
    },
    "model": "blog.beep"
  },
  {
    "fields": {
      "text": "Proin viverra ligula sit",
      "length": 24,
      "modified_at": "2015-05-06T10:44:29.230Z",
      "user": null,
      "added_at": "2015-05-06T10:44:29.230Z"
    },
    "model": "blog.beep"
  },
  {
    "fields": {
      "text": "Praesent nec nisl a purus blandit viverra. Maecenas tempus, tellus eget condimentum rhoncus.",
      "length": 92,
      "modified_at": "2015-05-06T10:44:59.770Z",
      "user": null,
      "added_at": "2015-05-06T10:44:59.770Z"
    },
    "model": "blog.beep"
  },
  {
    "fields": {
      "text": "Phasellus ullamcorper ipsum rutrum",
      "length": 34,
      "modified_at": "2015-05-06T11:26:12.493Z",
      "user": null,
      "added_at": "2015-05-06T11:26:12.493Z"
    },
    "model": "blog.beep"
  },
  {
    "fields": {
      "text": "Vivamus in erat ut",
      "length": 18,
      "modified_at": "2015-05-06T12:20:11.963Z",
      "user": 1,
      "added_at": "2015-05-06T12:20:11.963Z"
    },
    "model": "blog.beep"
  },
  {
    "fields": {
      "text": "Nam ipsum risus rutrum",
      "length": 22,
      "modified_at": "2015-05-06T12:20:27.244Z",
      "user": 1,
      "added_at": "2015-05-06T12:20:27.244Z"
    },
    "model": "blog.beep"
  },
  {
    "fields": {
      "text": "Pellentesque habitant morbi tristique",
      "length": 37,
      "modified_at": "2015-05-06T12:28:22.653Z",
      "user": 1,
      "added_at": "2015-05-06T12:28:22.653Z"
    },
    "model": "blog.beep"
  },
  {
    "fields": {
      "text": "Lorem ipsum dolor sit",
      "length": 21,
      "modified_at": "2015-05-06T12:49:45.261Z",
      "user": 1,
      "added_at": "2015-05-06T12:49:45.261Z"
    },
    "model": "blog.beep"
  },
  {
    "fields": {
      "text": "Pellentesque habitant morbi tristique",
      "length": 37,
      "modified_at": "2015-05-06T12:55:46.639Z",
      "user": 1,
      "added_at": "2015-05-06T12:55:46.639Z"
    },
    "model": "blog.beep"
  },
  {
    "fields": {
      "text": "Sed magna purus fermentum",
      "length": 25,
      "modified_at": "2015-05-06T14:40:16.146Z",
      "user": 1,
      "added_at": "2015-05-06T14:40:16.145Z"
    },
    "model": "blog.beep"
  },
  {
    "fields": {
      "text": "Phasellus leo dolor tempus",
      "length": 26,
      "modified_at": "2015-05-06T14:40:28.706Z",
      "user": 1,
      "added_at": "2015-05-06T14:40:28.706Z"
    },
    "model": "blog.beep"
  },
  {
    "fields": {
      "text": "Class aptent taciti sociosqu",
      "length": 28,
      "modified_at": "2015-05-06T14:40:54.074Z",
      "user": 1,
      "added_at": "2015-05-06T14:40:54.074Z"
    },
    "model": "blog.beep"
  },
  {
    "fields": {
      "text": "Proin sapien ipsum porta",
      "length": 24,
      "modified_at": "2015-05-06T14:41:12.117Z",
      "user": 1,
      "added_at": "2015-05-06T14:41:12.117Z"
    },
    "model": "blog.beep"
  },
  {
    "fields": {
      "text": "Phasellus consectetuer vestibulum elit",
      "length": 38,
      "modified_at": "2015-05-06T14:42:06.648Z",
      "user": 1,
      "added_at": "2015-05-06T14:42:06.648Z"
    },
    "model": "blog.beep"
  },
  {
    "fields": {
      "text": "\u041d\u0435\u0442 \u043d\u0438\u043a\u043e\u0433\u043e, \u043a\u0442\u043e \u043b\u044e\u0431\u0438\u043b \u0431\u044b \u0431\u043e\u043b\u044c \u0441\u0430\u043c\u0443 \u043f\u043e \u0441\u0435\u0431\u0435...Etiam ultricies nisi vel augue.",
      "length": 76,
      "modified_at": "2015-05-06T12:53:28.730Z",
      "user": 1,
      "added_at": "2015-05-06T07:02:24.447Z"
    },
    "model": "blog.beep"
  },
  {
    "fields": {
      "text": "Duis lobortis massa imperdiet",
      "length": 29,
      "modified_at": "2015-05-06T10:44:14.538Z",
      "user": null,
      "added_at": "2015-05-06T10:44:14.538Z"
    },
    "model": "blog.beep"
  },
  {
    "fields": {
      "text": "Donec mi odio faucibus...pundo-mindo.",
      "length": 37,
      "modified_at": "2015-05-06T13:23:39.378Z",
      "user": 1,
      "added_at": "2015-05-06T10:44:22.031Z"
    },
    "model": "blog.beep"
  },
  {
    "fields": {
      "text": "Proin viverra ligula sit",
      "length": 24,
      "modified_at": "2015-05-06T10:44:29.230Z",
      "user": null,
      "added_at": "2015-05-06T10:44:29.230Z"
    },
    "model": "blog.beep"
  },
  {
    "fields": {
      "text": "Praesent nec nisl a purus blandit viverra. Maecenas tempus, tellus eget condimentum rhoncus.",
      "length": 92,
      "modified_at": "2015-05-06T10:44:59.770Z",
      "user": null,
      "added_at": "2015-05-06T10:44:59.770Z"
    },
    "model": "blog.beep"
  },
  {
    "fields": {
      "text": "Phasellus ullamcorper ipsum rutrum",
      "length": 34,
      "modified_at": "2015-05-06T11:26:12.493Z",
      "user": null,
      "added_at": "2015-05-06T11:26:12.493Z"
    },
    "model": "blog.beep"
  },
  {
    "fields": {
      "text": "Vivamus in erat ut",
      "length": 18,
      "modified_at": "2015-05-06T12:20:11.963Z",
      "user": 1,
      "added_at": "2015-05-06T12:20:11.963Z"
    },
    "model": "blog.beep"
  },
  {
    "fields": {
      "text": "Nam ipsum risus rutrum",
      "length": 22,
      "modified_at": "2015-05-06T12:20:27.244Z",
      "user": 1,
      "added_at": "2015-05-06T12:20:27.244Z"
    },
    "model": "blog.beep"
  },
  {
    "fields": {
      "text": "Pellentesque habitant morbi tristique",
      "length": 37,
      "modified_at": "2015-05-06T12:28:22.653Z",
      "user": 1,
      "added_at": "2015-05-06T12:28:22.653Z"
    },
    "model": "blog.beep"
  },
  {
    "fields": {
      "text": "Lorem ipsum dolor sit",
      "length": 21,
      "modified_at": "2015-05-06T12:49:45.261Z",
      "user": 1,
      "added_at": "2015-05-06T12:49:45.261Z"
    },
    "model": "blog.beep"
  },
  {
    "fields": {
      "text": "Pellentesque habitant morbi tristique",
      "length": 37,
      "modified_at": "2015-05-06T12:55:46.639Z",
      "user": 1,
      "added_at": "2015-05-06T12:55:46.639Z"
    },
    "model": "blog.beep"
  },
  {
    "fields": {
      "text": "Sed magna purus fermentum",
      "length": 25,
      "modified_at": "2015-05-06T14:40:16.146Z",
      "user": 1,
      "added_at": "2015-05-06T14:40:16.145Z"
    },
    "model": "blog.beep"
  },
  {
    "fields": {
      "text": "Phasellus leo dolor tempus",
      "length": 26,
      "modified_at": "2015-05-06T14:40:28.706Z",
      "user": 1,
      "added_at": "2015-05-06T14:40:28.706Z"
    },
    "model": "blog.beep"
  },
  {
    "fields": {
      "text": "Class aptent taciti sociosqu",
      "length": 28,
      "modified_at": "2015-05-06T14:40:54.074Z",
      "user": 1,
      "added_at": "2015-05-06T14:40:54.074Z"
    },
    "model": "blog.beep"
  },
  {
    "fields": {
      "text": "Proin sapien ipsum porta",
      "length": 24,
      "modified_at": "2015-05-06T14:41:12.117Z",
      "user": 1,
      "added_at": "2015-05-06T14:41:12.117Z"
    },
    "model": "blog.beep"
  },
  {
    "fields": {
      "text": "Phasellus consectetuer vestibulum elit",
      "length": 38,
      "modified_at": "2015-05-06T14:42:06.648Z",
      "user": 1,
      "added_at": "2015-05-06T14:42:06.648Z"
    },
    "model": "blog.beep"
  },
  {
    "fields": {
      "text": "\u041d\u0435\u0442 \u043d\u0438\u043a\u043e\u0433\u043e, \u043a\u0442\u043e \u043b\u044e\u0431\u0438\u043b \u0431\u044b \u0431\u043e\u043b\u044c \u0441\u0430\u043c\u0443 \u043f\u043e \u0441\u0435\u0431\u0435...Etiam ultricies nisi vel augue.",
      "length": 76,
      "modified_at": "2015-05-06T12:53:28.730Z",
      "user": 1,
      "added_at": "2015-05-06T07:02:24.447Z"
    },
    "model": "blog.beep"
  },
  {
    "fields": {
      "text": "Duis lobortis massa imperdiet",
      "length": 29,
      "modified_at": "2015-05-06T10:44:14.538Z",
      "user": null,
      "added_at": "2015-05-06T10:44:14.538Z"
    },
    "model": "blog.beep"
  },
  {
    "fields": {
      "text": "Donec mi odio faucibus...pundo-mindo.",
      "length": 37,
      "modified_at": "2015-05-06T13:23:39.378Z",
      "user": 1,
      "added_at": "2015-05-06T10:44:22.031Z"
    },
    "model": "blog.beep"
  },
  {
    "fields": {
      "text": "Proin viverra ligula sit",
      "length": 24,
      "modified_at": "2015-05-06T10:44:29.230Z",
      "user": null,
      "added_at": "2015-05-06T10:44:29.230Z"
    },
    "model": "blog.beep"
  },
  {
    "fields": {
      "text": "Praesent nec nisl a purus blandit viverra. Maecenas tempus, tellus eget condimentum rhoncus.",
      "length": 92,
      "modified_at": "2015-05-06T10:44:59.770Z",
      "user": null,
      "added_at": "2015-05-06T10:44:59.770Z"
    },
    "model": "blog.beep"
  },
  {
    "fields": {
      "text": "Phasellus ullamcorper ipsum rutrum",
      "length": 34,
      "modified_at": "2015-05-06T11:26:12.493Z",
      "user": null,
      "added_at": "2015-05-06T11:26:12.493Z"
    },
    "model": "blog.beep"
  },
  {
    "fields": {
      "text": "Vivamus in erat ut",
      "length": 18,
      "modified_at": "2015-05-06T12:20:11.963Z",
      "user": 1,
      "added_at": "2015-05-06T12:20:11.963Z"
    },
    "model": "blog.beep"
  },
  {
    "fields": {
      "text": "Nam ipsum risus rutrum",
      "length": 22,
      "modified_at": "2015-05-06T12:20:27.244Z",
      "user": 1,
      "added_at": "2015-05-06T12:20:27.244Z"
    },
    "model": "blog.beep"
  },
  {
    "fields": {
      "text": "Pellentesque habitant morbi tristique",
      "length": 37,
      "modified_at": "2015-05-06T12:28:22.653Z",
      "user": 1,
      "added_at": "2015-05-06T12:28:22.653Z"
    },
    "model": "blog.beep"
  },
  {
    "fields": {
      "text": "Lorem ipsum dolor sit",
      "length": 21,
      "modified_at": "2015-05-06T12:49:45.261Z",
      "user": 1,
      "added_at": "2015-05-06T12:49:45.261Z"
    },
    "model": "blog.beep"
  },
  {
    "fields": {
      "text": "Pellentesque habitant morbi tristique",
      "length": 37,
      "modified_at": "2015-05-06T12:55:46.639Z",
      "user": 1,
      "added_at": "2015-05-06T12:55:46.639Z"
    },
    "model": "blog.beep"
  },
  {
    "fields": {
      "text": "Sed magna purus fermentum",
      "length": 25,
      "modified_at": "2015-05-06T14:40:16.146Z",
      "user": 1,
      "added_at": "2015-05-06T14:40:16.145Z"
    },
    "model": "blog.beep"
  },
  {
    "fields": {
      "text": "Phasellus leo dolor tempus",
      "length": 26,
      "modified_at": "2015-05-06T14:40:28.706Z",
      "user": 1,
      "added_at": "2015-05-06T14:40:28.706Z"
    },
    "model": "blog.beep"
  },
  {
    "fields": {
      "text": "Class aptent taciti sociosqu",
      "length": 28,
      "modified_at": "2015-05-06T14:40:54.074Z",
      "user": 1,
      "added_at": "2015-05-06T14:40:54.074Z"
    },
    "model": "blog.beep"
  },
  {
    "fields": {
      "text": "Proin sapien ipsum porta",
      "length": 24,
      "modified_at": "2015-05-06T14:41:12.117Z",
      "user": 1,
      "added_at": "2015-05-06T14:41:12.117Z"
    },
    "model": "blog.beep"
  },
  {
    "fields": {
      "text": "Phasellus consectetuer vestibulum elit",
      "length": 38,
      "modified_at": "2015-05-06T14:42:06.648Z",
      "user": 1,
      "added_at": "2015-05-06T14:42:06.648Z"
    },
    "model": "blog.beep"
  },
  {
    "fields": {
      "text": "\u041d\u0435\u0442 \u043d\u0438\u043a\u043e\u0433\u043e, \u043a\u0442\u043e \u043b\u044e\u0431\u0438\u043b \u0431\u044b \u0431\u043e\u043b\u044c \u0441\u0430\u043c\u0443 \u043f\u043e \u0441\u0435\u0431\u0435...Etiam ultricies nisi vel augue.",
      "length": 76,
      "modified_at": "2015-05-06T12:53:28.730Z",
      "user": 1,
      "added_at": "2015-05-06T07:02:24.447Z"
    },
    "model": "blog.beep"
  },
  {
    "fields": {
      "text": "Duis lobortis massa imperdiet",
      "length": 29,
      "modified_at": "2015-05-06T10:44:14.538Z",
      "user": null,
      "added_at": "2015-05-06T10:44:14.538Z"
    },
    "model": "blog.beep"
  },
  {
    "fields": {
      "text": "Donec mi odio faucibus...pundo-mindo.",
      "length": 37,
      "modified_at": "2015-05-06T13:23:39.378Z",
      "user": 1,
      "added_at": "2015-05-06T10:44:22.031Z"
    },
    "model": "blog.beep"
  },
  {
    "fields": {
      "text": "Proin viverra ligula sit",
      "length": 24,
      "modified_at": "2015-05-06T10:44:29.230Z",
      "user": null,
      "added_at": "2015-05-06T10:44:29.230Z"
    },
    "model": "blog.beep"
  },
  {
    "fields": {
      "text": "Praesent nec nisl a purus blandit viverra. Maecenas tempus, tellus eget condimentum rhoncus.",
      "length": 92,
      "modified_at": "2015-05-06T10:44:59.770Z",
      "user": null,
      "added_at": "2015-05-06T10:44:59.770Z"
    },
    "model": "blog.beep"
  },
  {
    "fields": {
      "text": "Phasellus ullamcorper ipsum rutrum",
      "length": 34,
      "modified_at": "2015-05-06T11:26:12.493Z",
      "user": null,
      "added_at": "2015-05-06T11:26:12.493Z"
    },
    "model": "blog.beep"
  },
  {
    "fields": {
      "text": "Vivamus in erat ut",
      "length": 18,
      "modified_at": "2015-05-06T12:20:11.963Z",
      "user": 1,
      "added_at": "2015-05-06T12:20:11.963Z"
    },
    "model": "blog.beep"
  },
  {
    "fields": {
      "text": "Nam ipsum risus rutrum",
      "length": 22,
      "modified_at": "2015-05-06T12:20:27.244Z",
      "user": 1,
      "added_at": "2015-05-06T12:20:27.244Z"
    },
    "model": "blog.beep"
  },
  {
    "fields": {
      "text": "Pellentesque habitant morbi tristique",
      "length": 37,
      "modified_at": "2015-05-06T12:28:22.653Z",
      "user": 1,
      "added_at": "2015-05-06T12:28:22.653Z"
    },
    "model": "blog.beep"
  },
  {
    "fields": {
      "text": "Lorem ipsum dolor sit",
      "length": 21,
      "modified_at": "2015-05-06T12:49:45.261Z",
      "user": 1,
      "added_at": "2015-05-06T12:49:45.261Z"
    },
    "model": "blog.beep"
  },
  {
    "fields": {
      "text": "Pellentesque habitant morbi tristique",
      "length": 37,
      "modified_at": "2015-05-06T12:55:46.639Z",
      "user": 1,
      "added_at": "2015-05-06T12:55:46.639Z"
    },
    "model": "blog.beep"
  },
  {
    "fields": {
      "text": "Sed magna purus fermentum",
      "length": 25,
      "modified_at": "2015-05-06T14:40:16.146Z",
      "user": 1,
      "added_at": "2015-05-06T14:40:16.145Z"
    },
    "model": "blog.beep"
  },
  {
    "fields": {
      "text": "Phasellus leo dolor tempus",
      "length": 26,
      "modified_at": "2015-05-06T14:40:28.706Z",
      "user": 1,
      "added_at": "2015-05-06T14:40:28.706Z"
    },
    "model": "blog.beep"
  },
  {
    "fields": {
      "text": "Class aptent taciti sociosqu",
      "length": 28,
      "modified_at": "2015-05-06T14:40:54.074Z",
      "user": 1,
      "added_at": "2015-05-06T14:40:54.074Z"
    },
    "model": "blog.beep"
  },
  {
    "fields": {
      "text": "Proin sapien ipsum porta",
      "length": 24,
      "modified_at": "2015-05-06T14:41:12.117Z",
      "user": 1,
      "added_at": "2015-05-06T14:41:12.117Z"
    },
    "model": "blog.beep"
  },
  {
    "fields": {
      "text": "Phasellus consectetuer vestibulum elit",
      "length": 38,
      "modified_at": "2015-05-06T14:42:06.648Z",
      "user": 1,
      "added_at": "2015-05-06T14:42:06.648Z"
    },
    "model": "blog.beep"
  },
  {
    "fields": {
      "text": "\u041d\u0435\u0442 \u043d\u0438\u043a\u043e\u0433\u043e, \u043a\u0442\u043e \u043b\u044e\u0431\u0438\u043b \u0431\u044b \u0431\u043e\u043b\u044c \u0441\u0430\u043c\u0443 \u043f\u043e \u0441\u0435\u0431\u0435...Etiam ultricies nisi vel augue.",
      "length": 76,
      "modified_at": "2015-05-06T12:53:28.730Z",
      "user": 1,
      "added_at": "2015-05-06T07:02:24.447Z"
    },
    "model": "blog.beep"
  },
  {
    "fields": {
      "text": "Duis lobortis massa imperdiet",
      "length": 29,
      "modified_at": "2015-05-06T10:44:14.538Z",
      "user": null,
      "added_at": "2015-05-06T10:44:14.538Z"
    },
    "model": "blog.beep"
  },
  {
    "fields": {
      "text": "Donec mi odio faucibus...pundo-mindo.",
      "length": 37,
      "modified_at": "2015-05-06T13:23:39.378Z",
      "user": 1,
      "added_at": "2015-05-06T10:44:22.031Z"
    },
    "model": "blog.beep"
  },
  {
    "fields": {
      "text": "Proin viverra ligula sit",
      "length": 24,
      "modified_at": "2015-05-06T10:44:29.230Z",
      "user": null,
      "added_at": "2015-05-06T10:44:29.230Z"
    },
    "model": "blog.beep"
  },
  {
    "fields": {
      "text": "Praesent nec nisl a purus blandit viverra. Maecenas tempus, tellus eget condimentum rhoncus.",
      "length": 92,
      "modified_at": "2015-05-06T10:44:59.770Z",
      "user": null,
      "added_at": "2015-05-06T10:44:59.770Z"
    },
    "model": "blog.beep"
  },
  {
    "fields": {
      "text": "Phasellus ullamcorper ipsum rutrum",
      "length": 34,
      "modified_at": "2015-05-06T11:26:12.493Z",
      "user": null,
      "added_at": "2015-05-06T11:26:12.493Z"
    },
    "model": "blog.beep"
  },
  {
    "fields": {
      "text": "Vivamus in erat ut",
      "length": 18,
      "modified_at": "2015-05-06T12:20:11.963Z",
      "user": 1,
      "added_at": "2015-05-06T12:20:11.963Z"
    },
    "model": "blog.beep"
  },
  {
    "fields": {
      "text": "Nam ipsum risus rutrum",
      "length": 22,
      "modified_at": "2015-05-06T12:20:27.244Z",
      "user": 1,
      "added_at": "2015-05-06T12:20:27.244Z"
    },
    "model": "blog.beep"
  },
  {
    "fields": {
      "text": "Pellentesque habitant morbi tristique",
      "length": 37,
      "modified_at": "2015-05-06T12:28:22.653Z",
      "user": 1,
      "added_at": "2015-05-06T12:28:22.653Z"
    },
    "model": "blog.beep"
  },
  {
    "fields": {
      "text": "Lorem ipsum dolor sit",
      "length": 21,
      "modified_at": "2015-05-06T12:49:45.261Z",
      "user": 1,
      "added_at": "2015-05-06T12:49:45.261Z"
    },
    "model": "blog.beep"
  },
  {
    "fields": {
      "text": "Pellentesque habitant morbi tristique",
      "length": 37,
      "modified_at": "2015-05-06T12:55:46.639Z",
      "user": 1,
      "added_at": "2015-05-06T12:55:46.639Z"
    },
    "model": "blog.beep"
  },
  {
    "fields": {
      "text": "Sed magna purus fermentum",
      "length": 25,
      "modified_at": "2015-05-06T14:40:16.146Z",
      "user": 1,
      "added_at": "2015-05-06T14:40:16.145Z"
    },
    "model": "blog.beep"
  },
  {
    "fields": {
      "text": "Phasellus leo dolor tempus",
      "length": 26,
      "modified_at": "2015-05-06T14:40:28.706Z",
      "user": 1,
      "added_at": "2015-05-06T14:40:28.706Z"
    },
    "model": "blog.beep"
  },
  {
    "fields": {
      "text": "Class aptent taciti sociosqu",
      "length": 28,
      "modified_at": "2015-05-06T14:40:54.074Z",
      "user": 1,
      "added_at": "2015-05-06T14:40:54.074Z"
    },
    "model": "blog.beep"
  },
  {
    "fields": {
      "text": "Proin sapien ipsum porta",
      "length": 24,
      "modified_at": "2015-05-06T14:41:12.117Z",
      "user": 1,
      "added_at": "2015-05-06T14:41:12.117Z"
    },
    "model": "blog.beep"
  },
  {
    "fields": {
      "text": "Phasellus consectetuer vestibulum elit",
      "length": 38,
      "modified_at": "2015-05-06T14:42:06.648Z",
      "user": 1,
      "added_at": "2015-05-06T14:42:06.648Z"
    },
    "model": "blog.beep"
  }
]