[
    {
        "pk": 1,
        "model": "cart.currency",
        "fields": {
            "modified_at": "2014-10-21T20:17:22.427Z",
            "added_at": "2014-10-21T20:17:22.426Z",
            "title": "AZN"
        }
    },
    {
        "pk": 2,
        "model": "cart.currency",
        "fields": {
            "modified_at": "2014-10-21T20:17:27.053Z",
            "added_at": "2014-10-21T20:17:27.053Z",
            "title": "RUB"
        }
    },
    {
        "pk": 3,
        "model": "cart.currency",
        "fields": {
            "modified_at": "2014-10-21T20:17:30.967Z",
            "added_at": "2014-10-21T20:17:30.967Z",
            "title": "USD"
        }
    },
    {
        "pk": 4,
        "model": "cart.currency",
        "fields": {
            "modified_at": "2014-10-21T20:17:36.936Z",
            "added_at": "2014-10-21T20:17:36.936Z",
            "title": "EURO"
        }
    },
    {
        "pk": 1,
        "model": "cart.manufacturer",
        "fields": {
            "info": "",
            "title": "Apple",
            "image": "",
            "modified_at": "2014-10-21T20:17:52.562Z",
            "added_at": "2014-10-21T20:17:52.562Z",
            "slug": "apple"
        }
    },
    {
        "pk": 2,
        "model": "cart.manufacturer",
        "fields": {
            "info": "",
            "title": "Samsung",
            "image": "",
            "modified_at": "2014-10-21T20:18:00.853Z",
            "added_at": "2014-10-21T20:18:00.853Z",
            "slug": "samsung"
        }
    },
    {
        "pk": 1,
        "model": "cart.category",
        "fields": {
            "info": "",
            "modified_at": "2014-10-21T20:18:50.344Z",
            "slug": "phones",
            "added_at": "2014-10-21T20:18:50.344Z",
            "title": "Phones"
        }
    },
    {
        "pk": 2,
        "model": "cart.category",
        "fields": {
            "info": "",
            "modified_at": "2014-10-21T20:18:55.159Z",
            "slug": "tablets",
            "added_at": "2014-10-21T20:18:55.159Z",
            "title": "Tablets"
        }
    },
    {
        "pk": 1,
        "model": "cart.attributegroup",
        "fields": {
            "modified_at": "2014-10-21T20:20:32.953Z",
            "added_at": "2014-10-21T20:20:32.953Z",
            "title": "Common"
        }
    },
    {
        "pk": 2,
        "model": "cart.attributegroup",
        "fields": {
            "modified_at": "2014-10-21T20:20:36.758Z",
            "added_at": "2014-10-21T20:20:36.758Z",
            "title": "Display"
        }
    },
    {
        "pk": 3,
        "model": "cart.attributegroup",
        "fields": {
            "modified_at": "2014-10-21T20:20:45.052Z",
            "added_at": "2014-10-21T20:20:45.052Z",
            "title": "Multimedia"
        }
    },
    {
        "pk": 1,
        "model": "cart.attribute",
        "fields": {
            "group": 1,
            "modified_at": "2014-10-21T20:20:57.071Z",
            "added_at": "2014-10-21T20:20:57.071Z",
            "title": "Standard"
        }
    },
    {
        "pk": 2,
        "model": "cart.attribute",
        "fields": {
            "group": 1,
            "modified_at": "2014-10-21T20:21:03.684Z",
            "added_at": "2014-10-21T20:21:03.684Z",
            "title": "Type"
        }
    },
    {
        "pk": 3,
        "model": "cart.attribute",
        "fields": {
            "group": 1,
            "modified_at": "2014-10-21T20:21:10.457Z",
            "added_at": "2014-10-21T20:21:10.457Z",
            "title": "LTE"
        }
    },
    {
        "pk": 4,
        "model": "cart.attribute",
        "fields": {
            "group": 2,
            "modified_at": "2014-10-21T20:21:20.855Z",
            "added_at": "2014-10-21T20:21:20.855Z",
            "title": "Resolution"
        }
    },
    {
        "pk": 5,
        "model": "cart.attribute",
        "fields": {
            "group": 2,
            "modified_at": "2014-10-21T20:21:42.324Z",
            "added_at": "2014-10-21T20:21:42.324Z",
            "title": "Type"
        }
    },
    {
        "pk": 6,
        "model": "cart.attribute",
        "fields": {
            "group": 2,
            "modified_at": "2014-10-21T20:21:47.124Z",
            "added_at": "2014-10-21T20:21:47.124Z",
            "title": "Touch"
        }
    },
    {
        "pk": 7,
        "model": "cart.attribute",
        "fields": {
            "group": 2,
            "modified_at": "2014-10-21T20:21:52.221Z",
            "added_at": "2014-10-21T20:21:52.221Z",
            "title": "Size"
        }
    },
    {
        "pk": 8,
        "model": "cart.attribute",
        "fields": {
            "group": 3,
            "modified_at": "2014-10-21T20:22:02.556Z",
            "added_at": "2014-10-21T20:22:02.556Z",
            "title": "Dictophone"
        }
    },
    {
        "pk": 9,
        "model": "cart.attribute",
        "fields": {
            "group": 3,
            "modified_at": "2014-10-21T20:22:15.373Z",
            "added_at": "2014-10-21T20:22:15.373Z",
            "title": "Microphone"
        }
    },
    {
        "pk": 10,
        "model": "cart.attribute",
        "fields": {
            "group": 3,
            "modified_at": "2014-10-21T20:22:25.182Z",
            "added_at": "2014-10-21T20:22:25.182Z",
            "title": "Camera"
        }
    },
    {
        "pk": 11,
        "model": "cart.attribute",
        "fields": {
            "group": 3,
            "modified_at": "2014-10-21T20:22:37.257Z",
            "added_at": "2014-10-21T20:22:37.257Z",
            "title": "Audio"
        }
    },
    {
        "pk": 12,
        "model": "cart.attribute",
        "fields": {
            "group": 3,
            "modified_at": "2014-10-21T20:22:41.590Z",
            "added_at": "2014-10-21T20:22:41.590Z",
            "title": "GPS"
        }
    },
    {
        "pk": 1,
        "model": "cart.product",
        "fields": {
            "category": 1,
            "info": "<p>One morning, when Gregor Samsa woke from troubled dreams, he found himself transformed in his bed into a horrible vermin. He lay on his armour-like back, and if he lifted his head a little he could see his brown belly, slightly domed and divided by arches into stiff sections.</p>\r\n",
            "weight": "120gm",
            "modified_at": "2014-10-21T20:47:54.940Z",
            "image": "cart/product/iphone4.png",
            "is_active": true,
            "added_at": "2014-10-21T20:26:33.380Z",
            "video_code": "",
            "model": "iPhone 4",
            "size": "10x12x14",
            "manufacturer": 1
        }
    },
    {
        "pk": 2,
        "model": "cart.product",
        "fields": {
            "category": 1,
            "info": "<p>One morning, when Gregor Samsa woke from troubled dreams, he found himself transformed in his bed into a horrible vermin. He lay on his armour-like back, and if he lifted his head a little he could see his brown belly, slightly domed and divided by arches into stiff sections.</p>\r\n",
            "weight": "120gm",
            "modified_at": "2014-10-21T20:47:50.997Z",
            "image": "cart/product/iphone4s.jpg",
            "is_active": true,
            "added_at": "2014-10-21T20:28:41.545Z",
            "video_code": "",
            "model": "iPhone 4S",
            "size": "10x12x14",
            "manufacturer": 1
        }
    },
    {
        "pk": 3,
        "model": "cart.product",
        "fields": {
            "category": 1,
            "info": "<p>One morning, when Gregor Samsa woke from troubled dreams, he found himself transformed in his bed into a horrible vermin. He lay on his armour-like back, and if he lifted his head a little he could see his brown belly, slightly domed and divided by arches into stiff sections.</p>\r\n",
            "weight": "120gm",
            "modified_at": "2014-10-21T20:47:46.424Z",
            "image": "cart/product/iphone5.png",
            "is_active": true,
            "added_at": "2014-10-21T20:30:42.011Z",
            "video_code": "<iframe width=\"640\" height=\"360\" src=\"//www.youtube.com/embed/u5X5cV-4LRo?rel=0&amp;showinfo=0\" frameborder=\"0\" allowfullscreen></iframe>",
            "model": "iPhone 5",
            "size": "10x12x14",
            "manufacturer": 1
        }
    },
    {
        "pk": 4,
        "model": "cart.product",
        "fields": {
            "category": 1,
            "info": "<p>One morning, when Gregor Samsa woke from troubled dreams, he found himself transformed in his bed into a horrible vermin. He lay on his armour-like back, and if he lifted his head a little he could see his brown belly, slightly domed and divided by arches into stiff sections.</p>\r\n",
            "weight": "120gm",
            "modified_at": "2014-10-21T20:47:40.570Z",
            "image": "cart/product/iphone6.png",
            "is_active": true,
            "added_at": "2014-10-21T20:32:24.463Z",
            "video_code": "<iframe width=\"640\" height=\"360\" src=\"//www.youtube.com/embed/FglqN1jd1tM?rel=0&amp;showinfo=0\" frameborder=\"0\" allowfullscreen></iframe>",
            "model": "iPhone 6",
            "size": "10x12x14",
            "manufacturer": 1
        }
    },
    {
        "pk": 5,
        "model": "cart.product",
        "fields": {
            "category": 1,
            "info": "<p>One morning, when Gregor Samsa woke from troubled dreams, he found himself transformed in his bed into a horrible vermin. He lay on his armour-like back, and if he lifted his head a little he could see his brown belly, slightly domed and divided by arches into stiff sections.</p>\r\n",
            "weight": "120gm",
            "modified_at": "2014-10-21T20:47:30.761Z",
            "image": "cart/product/galaxys3.png",
            "is_active": true,
            "added_at": "2014-10-21T20:34:10.871Z",
            "video_code": "",
            "model": "Galaxy S3",
            "size": "10x12x14",
            "manufacturer": 2
        }
    },
    {
        "pk": 6,
        "model": "cart.product",
        "fields": {
            "category": 1,
            "info": "<p>One morning, when Gregor Samsa woke from troubled dreams, he found himself transformed in his bed into a horrible vermin. He lay on his armour-like back, and if he lifted his head a little he could see his brown belly, slightly domed and divided by arches into stiff sections.</p>\r\n",
            "weight": "120gm",
            "modified_at": "2014-10-21T20:47:27.858Z",
            "image": "cart/product/galaxys4.png",
            "is_active": true,
            "added_at": "2014-10-21T20:35:57.396Z",
            "video_code": "<iframe width=\"640\" height=\"360\" src=\"//www.youtube.com/embed/m-p38Gd_Dls?rel=0&amp;showinfo=0\" frameborder=\"0\" allowfullscreen></iframe>",
            "model": "Galaxy S4",
            "size": "10x12x14",
            "manufacturer": 2
        }
    },
    {
        "pk": 1,
        "model": "cart.productreview",
        "fields": {
            "comment": "Far far away, behind the word mountains, far from the countries Vokalia and Consonantia, there live the blind texts. Separated they live in Bookmarksgrove right at the coast of the Semantics, a large language ocean. A small river named Duden flows by their place and supplies it with the necessary regelialia. It is a paradisematic country, in which roasted parts of sentences fly into your mouth.",
            "rating": 4,
            "product": 2,
            "is_approved": true,
            "modified_at": "2014-10-21T20:42:25.849Z",
            "added_at": "2014-10-21T20:42:25.849Z",
            "user": 1
        }
    },
    {
        "pk": 2,
        "model": "cart.productreview",
        "fields": {
            "comment": "Even the all-powerful Pointing has no control about the blind texts it is an almost unorthographic life One day however a small line of blind text by the name of Lorem Ipsum decided to leave for the far World of Grammar. The Big Oxmox advised her not to do so, because there were thousands of bad Commas, wild Question Marks and devious Semikoli, but the Little Blind Text didn\u2019t listen. She packed her seven versalia, put her initial into the belt and made herself on the way.",
            "rating": 5,
            "product": 2,
            "is_approved": true,
            "modified_at": "2014-10-21T20:42:41.710Z",
            "added_at": "2014-10-21T20:42:41.710Z",
            "user": 1
        }
    },
    {
        "pk": 3,
        "model": "cart.productreview",
        "fields": {
            "comment": "When she reached the first hills of the Italic Mountains, she had a last view back on the skyline of her hometown Bookmarksgrove, the headline of Alphabet Village and the subline of her own road, the Line Lane. Pityful a rethoric question ran over her cheek, then she continued her way. On her way she met a copy.",
            "rating": 1,
            "product": 2,
            "is_approved": true,
            "modified_at": "2014-10-21T20:42:54.152Z",
            "added_at": "2014-10-21T20:42:54.152Z",
            "user": 1
        }
    },
    {
        "pk": 4,
        "model": "cart.productreview",
        "fields": {
            "comment": "When she reached the first hills of the Italic Mountains, she had a last view back on the skyline of her hometown Bookmarksgrove, the headline of Alphabet Village and the subline of her own road, the Line Lane. Pityful a rethoric question ran over her cheek, then she continued her way. On her way she met a copy.",
            "rating": 5,
            "product": 2,
            "is_approved": true,
            "modified_at": "2014-10-21T20:43:10.665Z",
            "added_at": "2014-10-21T20:43:10.665Z",
            "user": 1
        }
    },
    {
        "pk": 5,
        "model": "cart.productreview",
        "fields": {
            "comment": "Far far away, behind the word mountains, far from the countries Vokalia and Consonantia, there live the blind texts. Separated they live in Bookmarksgrove right at the coast of the Semantics, a large language ocean. A small river named Duden flows by their place and supplies it with the necessary regelialia. It is a paradisematic country, in which roasted parts of sentences fly into your mouth.",
            "rating": 5,
            "product": 4,
            "is_approved": true,
            "modified_at": "2014-10-21T20:43:28.854Z",
            "added_at": "2014-10-21T20:43:28.854Z",
            "user": 1
        }
    },
    {
        "pk": 6,
        "model": "cart.productreview",
        "fields": {
            "comment": "Even the all-powerful Pointing has no control about the blind texts it is an almost unorthographic life One day however a small line of blind text by the name of Lorem Ipsum decided to leave for the far World of Grammar. The Big Oxmox advised her not to do so, because there were thousands of bad Commas, wild Question Marks and devious Semikoli, but the Little Blind Text didn\u2019t listen. She packed her seven versalia, put her initial into the belt and made herself on the way.",
            "rating": 5,
            "product": 4,
            "is_approved": true,
            "modified_at": "2014-10-21T20:43:41.871Z",
            "added_at": "2014-10-21T20:43:41.871Z",
            "user": 1
        }
    },
    {
        "pk": 7,
        "model": "cart.productreview",
        "fields": {
            "comment": "When she reached the first hills of the Italic Mountains, she had a last view back on the skyline of her hometown Bookmarksgrove, the headline of Alphabet Village and the subline of her own road, the Line Lane. Pityful a rethoric question ran over her cheek, then she continued her way. On her way she met a copy. The copy warned the Little Blind Text, that where it came from it would have been rewritten a thousand times and everything that was left from its origin would be the word \"and\" and the Little Blind Text should turn around and return to its own, safe country.",
            "rating": 1,
            "product": 4,
            "is_approved": true,
            "modified_at": "2014-10-21T20:44:48.179Z",
            "added_at": "2014-10-21T20:43:54.357Z",
            "user": 1
        }
    },
    {
        "pk": 8,
        "model": "cart.productreview",
        "fields": {
            "comment": "But nothing the copy said could convince her and so it didn\u2019t take long until a few insidious Copy Writers ambushed her, made her drunk with Longe and Parole and dragged her into their agency, where they abused her for their projects again and again. And if she hasn\u2019t been rewritten, then they are still using her. Far far away, behind the word mountains, far from the countries Vokalia and Consonantia, there live the blind texts. Separated they live in Bookmarksgrove right at the coast of the Semantics, a large language ocean. A small river named Duden flows by their place and supplies it with the necessary regelialia.",
            "rating": 4,
            "product": 6,
            "is_approved": true,
            "modified_at": "2014-10-21T20:44:06.748Z",
            "added_at": "2014-10-21T20:44:06.748Z",
            "user": 1
        }
    },
    {
        "pk": 9,
        "model": "cart.productreview",
        "fields": {
            "comment": "It is a paradisematic country, in which roasted parts of sentences fly into your mouth. Even the all-powerful Pointing has no control about the blind texts it is an almost unorthographic life One day however a small line of blind text by the name of Lorem Ipsum decided to leave for the far World of Grammar. The Big Oxmox advised her not to do so, because there were thousands of bad Commas, wild Question Marks and devious Semikoli, but the Little Blind Text didn\u2019t listen. She packed her seven versalia, put her initial into the belt and made herself on the way.",
            "rating": 2,
            "product": 6,
            "is_approved": true,
            "modified_at": "2014-10-21T20:44:18.172Z",
            "added_at": "2014-10-21T20:44:18.172Z",
            "user": 1
        }
    },
    {
        "pk": 10,
        "model": "cart.productreview",
        "fields": {
            "comment": "When she reached the first hills of the Italic Mountains, she had a last view back on the skyline of her hometown Bookmarksgrove, the headline of Alphabet Village and the subline of her own road, the Line Lane.",
            "rating": 4,
            "product": 5,
            "is_approved": true,
            "modified_at": "2014-10-21T20:44:41.301Z",
            "added_at": "2014-10-21T20:44:41.301Z",
            "user": 1
        }
    },
    {
        "pk": 11,
        "model": "cart.productreview",
        "fields": {
            "comment": "It is very good phone.",
            "rating": 4,
            "product": 6,
            "is_approved": true,
            "modified_at": "2014-10-21T22:12:14.259Z",
            "added_at": "2014-10-21T22:11:52.526Z",
            "user": 1
        }
    },
    {
        "pk": 12,
        "model": "cart.productreview",
        "fields": {
            "comment": "Aenean leo ligula, porttitor eu, consequat vitae, eleifend ac, enim. Aliquam lorem ante, dapibus in, viverra quis, feugiat a, tellus. Phasellus viverra nulla ut metus varius laoreet. Quisque rutrum. Aenean imperdiet. Etiam ultricies nisi vel augue. Curabitur ullamcorper ultricies nisi. Nam eget dui.",
            "rating": 4,
            "product": 3,
            "is_approved": true,
            "modified_at": "2014-10-21T23:39:16.356Z",
            "added_at": "2014-10-21T23:39:16.356Z",
            "user": 1
        }
    },
    {
        "pk": 13,
        "model": "cart.productreview",
        "fields": {
            "comment": "Etiam rhoncus. Maecenas tempus, tellus eget condimentum rhoncus, sem quam semper libero, sit amet adipiscing sem neque sed ipsum. Nam quam nunc, blandit vel, luctus pulvinar, hendrerit id, lorem. Maecenas nec odio et ante tincidunt tempus. Donec vitae sapien ut libero venenatis faucibus. Nullam quis ante.",
            "rating": 2,
            "product": 3,
            "is_approved": true,
            "modified_at": "2014-10-21T23:40:44.872Z",
            "added_at": "2014-10-21T23:40:44.872Z",
            "user": 1
        }
    },
    {
        "pk": 1,
        "model": "cart.productattribute",
        "fields": {
            "attribute": 1,
            "product": 1,
            "modified_at": "2014-10-21T20:26:33.382Z",
            "value": "Lore",
            "added_at": "2014-10-21T20:26:33.382Z"
        }
    },
    {
        "pk": 2,
        "model": "cart.productattribute",
        "fields": {
            "attribute": 2,
            "product": 1,
            "modified_at": "2014-10-21T20:26:33.383Z",
            "value": "Ipsum",
            "added_at": "2014-10-21T20:26:33.383Z"
        }
    },
    {
        "pk": 3,
        "model": "cart.productattribute",
        "fields": {
            "attribute": 3,
            "product": 1,
            "modified_at": "2014-10-21T20:26:33.383Z",
            "value": "Dolor",
            "added_at": "2014-10-21T20:26:33.383Z"
        }
    },
    {
        "pk": 4,
        "model": "cart.productattribute",
        "fields": {
            "attribute": 4,
            "product": 1,
            "modified_at": "2014-10-21T20:26:33.383Z",
            "value": "Sit",
            "added_at": "2014-10-21T20:26:33.383Z"
        }
    },
    {
        "pk": 5,
        "model": "cart.productattribute",
        "fields": {
            "attribute": 5,
            "product": 1,
            "modified_at": "2014-10-21T20:26:33.384Z",
            "value": "Amet",
            "added_at": "2014-10-21T20:26:33.384Z"
        }
    },
    {
        "pk": 6,
        "model": "cart.productattribute",
        "fields": {
            "attribute": 6,
            "product": 1,
            "modified_at": "2014-10-21T20:26:33.384Z",
            "value": "Consectetuer",
            "added_at": "2014-10-21T20:26:33.384Z"
        }
    },
    {
        "pk": 7,
        "model": "cart.productattribute",
        "fields": {
            "attribute": 7,
            "product": 1,
            "modified_at": "2014-10-21T20:26:33.385Z",
            "value": "Adipiscing",
            "added_at": "2014-10-21T20:26:33.385Z"
        }
    },
    {
        "pk": 8,
        "model": "cart.productattribute",
        "fields": {
            "attribute": 8,
            "product": 1,
            "modified_at": "2014-10-21T20:26:33.385Z",
            "value": "Elit",
            "added_at": "2014-10-21T20:26:33.385Z"
        }
    },
    {
        "pk": 9,
        "model": "cart.productattribute",
        "fields": {
            "attribute": 9,
            "product": 1,
            "modified_at": "2014-10-21T20:26:33.386Z",
            "value": "Aenean",
            "added_at": "2014-10-21T20:26:33.386Z"
        }
    },
    {
        "pk": 10,
        "model": "cart.productattribute",
        "fields": {
            "attribute": 10,
            "product": 1,
            "modified_at": "2014-10-21T20:26:33.386Z",
            "value": "Commodo",
            "added_at": "2014-10-21T20:26:33.386Z"
        }
    },
    {
        "pk": 11,
        "model": "cart.productattribute",
        "fields": {
            "attribute": 2,
            "product": 2,
            "modified_at": "2014-10-21T20:28:41.548Z",
            "value": "Lorem",
            "added_at": "2014-10-21T20:28:41.548Z"
        }
    },
    {
        "pk": 12,
        "model": "cart.productattribute",
        "fields": {
            "attribute": 3,
            "product": 2,
            "modified_at": "2014-10-21T20:28:41.549Z",
            "value": "Ipsum",
            "added_at": "2014-10-21T20:28:41.549Z"
        }
    },
    {
        "pk": 13,
        "model": "cart.productattribute",
        "fields": {
            "attribute": 4,
            "product": 2,
            "modified_at": "2014-10-21T20:28:41.550Z",
            "value": "Dolor",
            "added_at": "2014-10-21T20:28:41.550Z"
        }
    },
    {
        "pk": 14,
        "model": "cart.productattribute",
        "fields": {
            "attribute": 5,
            "product": 2,
            "modified_at": "2014-10-21T20:28:41.550Z",
            "value": "Sit",
            "added_at": "2014-10-21T20:28:41.550Z"
        }
    },
    {
        "pk": 15,
        "model": "cart.productattribute",
        "fields": {
            "attribute": 6,
            "product": 2,
            "modified_at": "2014-10-21T20:28:41.551Z",
            "value": "Amet",
            "added_at": "2014-10-21T20:28:41.551Z"
        }
    },
    {
        "pk": 16,
        "model": "cart.productattribute",
        "fields": {
            "attribute": 7,
            "product": 2,
            "modified_at": "2014-10-21T20:28:41.551Z",
            "value": "Consectetuer",
            "added_at": "2014-10-21T20:28:41.551Z"
        }
    },
    {
        "pk": 17,
        "model": "cart.productattribute",
        "fields": {
            "attribute": 8,
            "product": 2,
            "modified_at": "2014-10-21T20:28:41.552Z",
            "value": "Adipiscing",
            "added_at": "2014-10-21T20:28:41.552Z"
        }
    },
    {
        "pk": 18,
        "model": "cart.productattribute",
        "fields": {
            "attribute": 9,
            "product": 2,
            "modified_at": "2014-10-21T20:28:41.552Z",
            "value": "Elit",
            "added_at": "2014-10-21T20:28:41.552Z"
        }
    },
    {
        "pk": 19,
        "model": "cart.productattribute",
        "fields": {
            "attribute": 10,
            "product": 2,
            "modified_at": "2014-10-21T20:28:41.553Z",
            "value": "Aenean",
            "added_at": "2014-10-21T20:28:41.553Z"
        }
    },
    {
        "pk": 20,
        "model": "cart.productattribute",
        "fields": {
            "attribute": 11,
            "product": 2,
            "modified_at": "2014-10-21T20:28:41.553Z",
            "value": "Commodo",
            "added_at": "2014-10-21T20:28:41.553Z"
        }
    },
    {
        "pk": 21,
        "model": "cart.productattribute",
        "fields": {
            "attribute": 3,
            "product": 3,
            "modified_at": "2014-10-21T20:30:42.014Z",
            "value": "Lorem",
            "added_at": "2014-10-21T20:30:42.014Z"
        }
    },
    {
        "pk": 22,
        "model": "cart.productattribute",
        "fields": {
            "attribute": 4,
            "product": 3,
            "modified_at": "2014-10-21T20:30:42.014Z",
            "value": "Ipsum",
            "added_at": "2014-10-21T20:30:42.014Z"
        }
    },
    {
        "pk": 23,
        "model": "cart.productattribute",
        "fields": {
            "attribute": 5,
            "product": 3,
            "modified_at": "2014-10-21T20:30:42.015Z",
            "value": "Dolor",
            "added_at": "2014-10-21T20:30:42.015Z"
        }
    },
    {
        "pk": 24,
        "model": "cart.productattribute",
        "fields": {
            "attribute": 6,
            "product": 3,
            "modified_at": "2014-10-21T20:30:42.015Z",
            "value": "Sit",
            "added_at": "2014-10-21T20:30:42.015Z"
        }
    },
    {
        "pk": 25,
        "model": "cart.productattribute",
        "fields": {
            "attribute": 7,
            "product": 3,
            "modified_at": "2014-10-21T20:30:42.015Z",
            "value": "Amet",
            "added_at": "2014-10-21T20:30:42.015Z"
        }
    },
    {
        "pk": 26,
        "model": "cart.productattribute",
        "fields": {
            "attribute": 8,
            "product": 3,
            "modified_at": "2014-10-21T20:30:42.016Z",
            "value": "Consectetuer",
            "added_at": "2014-10-21T20:30:42.016Z"
        }
    },
    {
        "pk": 27,
        "model": "cart.productattribute",
        "fields": {
            "attribute": 9,
            "product": 3,
            "modified_at": "2014-10-21T20:30:42.016Z",
            "value": "Adipiscing",
            "added_at": "2014-10-21T20:30:42.016Z"
        }
    },
    {
        "pk": 28,
        "model": "cart.productattribute",
        "fields": {
            "attribute": 10,
            "product": 3,
            "modified_at": "2014-10-21T20:30:42.017Z",
            "value": "Elit",
            "added_at": "2014-10-21T20:30:42.017Z"
        }
    },
    {
        "pk": 29,
        "model": "cart.productattribute",
        "fields": {
            "attribute": 11,
            "product": 3,
            "modified_at": "2014-10-21T20:30:42.017Z",
            "value": "Aenean",
            "added_at": "2014-10-21T20:30:42.017Z"
        }
    },
    {
        "pk": 30,
        "model": "cart.productattribute",
        "fields": {
            "attribute": 12,
            "product": 3,
            "modified_at": "2014-10-21T20:30:42.017Z",
            "value": "Commodo",
            "added_at": "2014-10-21T20:30:42.017Z"
        }
    },
    {
        "pk": 31,
        "model": "cart.productattribute",
        "fields": {
            "attribute": 1,
            "product": 4,
            "modified_at": "2014-10-21T20:32:24.467Z",
            "value": "Lorem",
            "added_at": "2014-10-21T20:32:24.467Z"
        }
    },
    {
        "pk": 32,
        "model": "cart.productattribute",
        "fields": {
            "attribute": 2,
            "product": 4,
            "modified_at": "2014-10-21T20:32:24.468Z",
            "value": "Ipsum",
            "added_at": "2014-10-21T20:32:24.468Z"
        }
    },
    {
        "pk": 33,
        "model": "cart.productattribute",
        "fields": {
            "attribute": 3,
            "product": 4,
            "modified_at": "2014-10-21T20:32:24.469Z",
            "value": "Dolor",
            "added_at": "2014-10-21T20:32:24.469Z"
        }
    },
    {
        "pk": 34,
        "model": "cart.productattribute",
        "fields": {
            "attribute": 4,
            "product": 4,
            "modified_at": "2014-10-21T20:32:24.469Z",
            "value": "Sit",
            "added_at": "2014-10-21T20:32:24.469Z"
        }
    },
    {
        "pk": 35,
        "model": "cart.productattribute",
        "fields": {
            "attribute": 5,
            "product": 4,
            "modified_at": "2014-10-21T20:32:24.470Z",
            "value": "Amet",
            "added_at": "2014-10-21T20:32:24.470Z"
        }
    },
    {
        "pk": 36,
        "model": "cart.productattribute",
        "fields": {
            "attribute": 6,
            "product": 4,
            "modified_at": "2014-10-21T20:32:24.471Z",
            "value": "Consectetuer",
            "added_at": "2014-10-21T20:32:24.471Z"
        }
    },
    {
        "pk": 37,
        "model": "cart.productattribute",
        "fields": {
            "attribute": 7,
            "product": 4,
            "modified_at": "2014-10-21T20:32:24.471Z",
            "value": "Adipiscing",
            "added_at": "2014-10-21T20:32:24.471Z"
        }
    },
    {
        "pk": 38,
        "model": "cart.productattribute",
        "fields": {
            "attribute": 8,
            "product": 4,
            "modified_at": "2014-10-21T20:32:24.472Z",
            "value": "Elit",
            "added_at": "2014-10-21T20:32:24.472Z"
        }
    },
    {
        "pk": 39,
        "model": "cart.productattribute",
        "fields": {
            "attribute": 9,
            "product": 4,
            "modified_at": "2014-10-21T20:32:24.473Z",
            "value": "Aenean",
            "added_at": "2014-10-21T20:32:24.473Z"
        }
    },
    {
        "pk": 40,
        "model": "cart.productattribute",
        "fields": {
            "attribute": 10,
            "product": 4,
            "modified_at": "2014-10-21T20:32:24.473Z",
            "value": "Commodo",
            "added_at": "2014-10-21T20:32:24.473Z"
        }
    },
    {
        "pk": 41,
        "model": "cart.productattribute",
        "fields": {
            "attribute": 2,
            "product": 5,
            "modified_at": "2014-10-21T20:34:10.873Z",
            "value": "Lorem",
            "added_at": "2014-10-21T20:34:10.873Z"
        }
    },
    {
        "pk": 42,
        "model": "cart.productattribute",
        "fields": {
            "attribute": 3,
            "product": 5,
            "modified_at": "2014-10-21T20:34:10.873Z",
            "value": "Ipsum",
            "added_at": "2014-10-21T20:34:10.873Z"
        }
    },
    {
        "pk": 43,
        "model": "cart.productattribute",
        "fields": {
            "attribute": 4,
            "product": 5,
            "modified_at": "2014-10-21T20:34:10.874Z",
            "value": "Dolor",
            "added_at": "2014-10-21T20:34:10.874Z"
        }
    },
    {
        "pk": 44,
        "model": "cart.productattribute",
        "fields": {
            "attribute": 5,
            "product": 5,
            "modified_at": "2014-10-21T20:34:10.874Z",
            "value": "Sit",
            "added_at": "2014-10-21T20:34:10.874Z"
        }
    },
    {
        "pk": 45,
        "model": "cart.productattribute",
        "fields": {
            "attribute": 6,
            "product": 5,
            "modified_at": "2014-10-21T20:34:10.875Z",
            "value": "Amet",
            "added_at": "2014-10-21T20:34:10.875Z"
        }
    },
    {
        "pk": 46,
        "model": "cart.productattribute",
        "fields": {
            "attribute": 7,
            "product": 5,
            "modified_at": "2014-10-21T20:34:10.875Z",
            "value": "Consectetuer",
            "added_at": "2014-10-21T20:34:10.875Z"
        }
    },
    {
        "pk": 47,
        "model": "cart.productattribute",
        "fields": {
            "attribute": 8,
            "product": 5,
            "modified_at": "2014-10-21T20:34:10.875Z",
            "value": "Adipiscing",
            "added_at": "2014-10-21T20:34:10.875Z"
        }
    },
    {
        "pk": 48,
        "model": "cart.productattribute",
        "fields": {
            "attribute": 9,
            "product": 5,
            "modified_at": "2014-10-21T20:34:10.876Z",
            "value": "Elit",
            "added_at": "2014-10-21T20:34:10.876Z"
        }
    },
    {
        "pk": 49,
        "model": "cart.productattribute",
        "fields": {
            "attribute": 10,
            "product": 5,
            "modified_at": "2014-10-21T20:34:10.876Z",
            "value": "Aenean",
            "added_at": "2014-10-21T20:34:10.876Z"
        }
    },
    {
        "pk": 50,
        "model": "cart.productattribute",
        "fields": {
            "attribute": 11,
            "product": 5,
            "modified_at": "2014-10-21T20:34:10.877Z",
            "value": "Commodo",
            "added_at": "2014-10-21T20:34:10.877Z"
        }
    },
    {
        "pk": 51,
        "model": "cart.productattribute",
        "fields": {
            "attribute": 4,
            "product": 6,
            "modified_at": "2014-10-21T20:35:57.399Z",
            "value": "Lorem",
            "added_at": "2014-10-21T20:35:57.399Z"
        }
    },
    {
        "pk": 52,
        "model": "cart.productattribute",
        "fields": {
            "attribute": 5,
            "product": 6,
            "modified_at": "2014-10-21T20:35:57.400Z",
            "value": "Ipsum",
            "added_at": "2014-10-21T20:35:57.399Z"
        }
    },
    {
        "pk": 53,
        "model": "cart.productattribute",
        "fields": {
            "attribute": 6,
            "product": 6,
            "modified_at": "2014-10-21T20:35:57.400Z",
            "value": "Dolor",
            "added_at": "2014-10-21T20:35:57.400Z"
        }
    },
    {
        "pk": 54,
        "model": "cart.productattribute",
        "fields": {
            "attribute": 6,
            "product": 6,
            "modified_at": "2014-10-21T20:35:57.400Z",
            "value": "Sit",
            "added_at": "2014-10-21T20:35:57.400Z"
        }
    },
    {
        "pk": 55,
        "model": "cart.productattribute",
        "fields": {
            "attribute": 8,
            "product": 6,
            "modified_at": "2014-10-21T20:35:57.401Z",
            "value": "Amet",
            "added_at": "2014-10-21T20:35:57.401Z"
        }
    },
    {
        "pk": 56,
        "model": "cart.productattribute",
        "fields": {
            "attribute": 9,
            "product": 6,
            "modified_at": "2014-10-21T20:35:57.401Z",
            "value": "Consectetuer",
            "added_at": "2014-10-21T20:35:57.401Z"
        }
    },
    {
        "pk": 57,
        "model": "cart.productattribute",
        "fields": {
            "attribute": 10,
            "product": 6,
            "modified_at": "2014-10-21T20:35:57.402Z",
            "value": "Adipiscing",
            "added_at": "2014-10-21T20:35:57.402Z"
        }
    },
    {
        "pk": 58,
        "model": "cart.productattribute",
        "fields": {
            "attribute": 11,
            "product": 6,
            "modified_at": "2014-10-21T20:35:57.402Z",
            "value": "Elit",
            "added_at": "2014-10-21T20:35:57.402Z"
        }
    },
    {
        "pk": 59,
        "model": "cart.productattribute",
        "fields": {
            "attribute": 12,
            "product": 6,
            "modified_at": "2014-10-21T20:35:57.403Z",
            "value": "Aenean",
            "added_at": "2014-10-21T20:35:57.403Z"
        }
    },
    {
        "pk": 60,
        "model": "cart.productattribute",
        "fields": {
            "attribute": 1,
            "product": 6,
            "modified_at": "2014-10-21T20:35:57.403Z",
            "value": "Commodo",
            "added_at": "2014-10-21T20:35:57.403Z"
        }
    },
    {
        "pk": 1,
        "model": "cart.productimage",
        "fields": {
            "info": "",
            "product": 2,
            "modified_at": "2014-10-21T20:28:41.554Z",
            "image": "cart/product/iphone4s1.png",
            "added_at": "2014-10-21T20:28:41.554Z"
        }
    },
    {
        "pk": 2,
        "model": "cart.productimage",
        "fields": {
            "info": "",
            "product": 2,
            "modified_at": "2014-10-21T20:28:41.556Z",
            "image": "cart/product/iphone4s2.png",
            "added_at": "2014-10-21T20:28:41.556Z"
        }
    },
    {
        "pk": 3,
        "model": "cart.productimage",
        "fields": {
            "info": "",
            "product": 2,
            "modified_at": "2014-10-21T20:28:41.558Z",
            "image": "cart/product/iphone4s3.png",
            "added_at": "2014-10-21T20:28:41.558Z"
        }
    },
    {
        "pk": 4,
        "model": "cart.productimage",
        "fields": {
            "info": "",
            "product": 2,
            "modified_at": "2014-10-21T20:28:41.559Z",
            "image": "cart/product/iphone4s4.png",
            "added_at": "2014-10-21T20:28:41.559Z"
        }
    },
    {
        "pk": 5,
        "model": "cart.productimage",
        "fields": {
            "info": "",
            "product": 2,
            "modified_at": "2014-10-21T20:28:41.561Z",
            "image": "cart/product/iphone4s5.png",
            "added_at": "2014-10-21T20:28:41.561Z"
        }
    },
    {
        "pk": 6,
        "model": "cart.productimage",
        "fields": {
            "info": "",
            "product": 2,
            "modified_at": "2014-10-21T20:28:41.563Z",
            "image": "cart/product/iphone4s6.png",
            "added_at": "2014-10-21T20:28:41.563Z"
        }
    },
    {
        "pk": 1,
        "model": "cart.shop",
        "fields": {
            "info": "<p>Lorem ipsum dolor sit amet, consectetuer adipiscing elit. Aenean commodo ligula eget dolor. Aenean massa. Cum sociis natoque penatibus et magnis dis parturient montes, nascetur ridiculus mus. Donec quam felis, ultricies nec, pellentesque eu, pretium quis, sem. Nulla consequat massa quis enim. Donec pede justo, fringilla vel, aliquet nec, vulputate eget, arcu. In enim justo, rhoncus ut, imperdiet a, venenatis vitae, justo. Nullam dictum felis eu pede mollis pretium. Integer tincidunt. Cras dapibus. Vivamus elementum semper nisi. Aenean vulputate eleifend tellus. Aenean leo ligula, porttitor eu, consequat vitae, eleifend ac, enim. Aliquam lorem ante, dapibus in, viverra quis, feugiat a.</p>\r\n",
            "title": "World Telecom",
            "modified_at": "2014-10-21T20:49:04.070Z",
            "image": "cart/shop/worldtelecom.png",
            "is_active": true,
            "added_at": "2014-10-21T20:23:53.938Z",
            "slug": "worldtelecom"
        }
    },
    {
        "pk": 2,
        "model": "cart.shop",
        "fields": {
            "info": "<p>Sed ut perspiciatis unde omnis iste natus error sit voluptatem accusantium doloremque laudantium, totam rem aperiam, eaque ipsa quae ab illo inventore veritatis et quasi architecto beatae vitae dicta sunt explicabo. Nemo enim ipsam voluptatem quia voluptas sit aspernatur aut odit aut fugit, sed quia consequuntur magni dolores eos qui ratione voluptatem sequi nesciunt. Neque porro quisquam est, qui dolorem ipsum quia dolor sit amet, consectetur, adipisci velit, sed quia non numquam eius modi tempora incidunt ut labore et dolore magnam aliquam quaerat voluptatem. Ut enim ad minima veniam, quis nostrum exercitationem ullam corporis suscipit laboriosam, nisi ut aliquid ex.</p>\r\n",
            "title": "Bakinity",
            "modified_at": "2014-10-21T20:38:59.663Z",
            "image": "cart/shop/bakinity.png",
            "is_active": true,
            "added_at": "2014-10-21T20:24:21.349Z",
            "slug": "bakinity"
        }
    },
    {
        "pk": 1,
        "model": "cart.shopreview",
        "fields": {
            "shop": 1,
            "rating": 3,
            "is_approved": true,
            "modified_at": "2014-10-21T20:49:38.498Z",
            "added_at": "2014-10-21T20:49:38.498Z",
            "user": 1,
            "comment": "The languages only differ in their grammar, their pronunciation and their most common words. Everyone realizes why a new common language would be desirable: one could refuse to pay expensive translators."
        }
    },
    {
        "pk": 2,
        "model": "cart.shopreview",
        "fields": {
            "shop": 1,
            "rating": 4,
            "is_approved": true,
            "modified_at": "2014-10-21T20:49:49.584Z",
            "added_at": "2014-10-21T20:49:49.584Z",
            "user": 1,
            "comment": "To achieve this, it would be necessary to have uniform grammar, pronunciation and more common words."
        }
    },
    {
        "pk": 3,
        "model": "cart.shopreview",
        "fields": {
            "shop": 1,
            "rating": 5,
            "is_approved": true,
            "modified_at": "2014-10-21T20:50:00.826Z",
            "added_at": "2014-10-21T20:50:00.826Z",
            "user": 1,
            "comment": "If several languages coalesce, the grammar of the resulting language is more simple and regular than that of the individual languages. The new common language will be more simple and regular than the existing European languages."
        }
    },
    {
        "pk": 4,
        "model": "cart.shopreview",
        "fields": {
            "shop": 1,
            "rating": 2,
            "is_approved": true,
            "modified_at": "2014-10-21T20:50:16.301Z",
            "added_at": "2014-10-21T20:50:16.301Z",
            "user": 1,
            "comment": "It will be as simple as Occidental; in fact, it will be Occidental. To an English person, it will seem like simplified English, as a skeptical Cambridge friend of mine told me what Occidental is."
        }
    },
    {
        "pk": 5,
        "model": "cart.shopreview",
        "fields": {
            "shop": 1,
            "rating": 4,
            "is_approved": true,
            "modified_at": "2014-10-21T20:50:28.997Z",
            "added_at": "2014-10-21T20:50:28.997Z",
            "user": 1,
            "comment": "The European languages are members of the same family. Their separate existence is a myth. For science, music, sport, etc, Europe uses the same vocabulary."
        }
    },
    {
        "pk": 6,
        "model": "cart.shopreview",
        "fields": {
            "shop": 1,
            "rating": 4,
            "is_approved": true,
            "modified_at": "2014-10-21T20:50:40.400Z",
            "added_at": "2014-10-21T20:50:40.400Z",
            "user": 1,
            "comment": "The languages only differ in their grammar, their pronunciation and their most common words. Everyone realizes why a new common language would be desirable: one could refuse to pay expensive translators."
        }
    },
    {
        "pk": 7,
        "model": "cart.shopreview",
        "fields": {
            "shop": 1,
            "rating": 2,
            "is_approved": true,
            "modified_at": "2014-10-21T20:50:51.584Z",
            "added_at": "2014-10-21T20:50:51.584Z",
            "user": 1,
            "comment": "To achieve this, it would be necessary to have uniform grammar, pronunciation and more common words. If several languages coalesce, the grammar of the resulting language is more simple and regular than that of the individual languages."
        }
    },
    {
        "pk": 8,
        "model": "cart.shopreview",
        "fields": {
            "shop": 1,
            "rating": 3,
            "is_approved": true,
            "modified_at": "2014-10-21T20:51:01.502Z",
            "added_at": "2014-10-21T20:51:01.502Z",
            "user": 1,
            "comment": "The new common language will be more simple and regular than the existing European languages. It will be as simple as Occidental; in fact, it will be Occidental."
        }
    },
    {
        "pk": 9,
        "model": "cart.shopreview",
        "fields": {
            "shop": 1,
            "rating": 3,
            "is_approved": true,
            "modified_at": "2014-10-21T20:51:14.944Z",
            "added_at": "2014-10-21T20:51:14.944Z",
            "user": 1,
            "comment": "To an English person, it will seem like simplified English, as a skeptical Cambridge friend of mine told me what Occidental is. The European languages are members of the same family. Their separate existence is a myth."
        }
    },
    {
        "pk": 10,
        "model": "cart.shopreview",
        "fields": {
            "shop": 2,
            "rating": 2,
            "is_approved": true,
            "modified_at": "2014-10-21T20:51:38.505Z",
            "added_at": "2014-10-21T20:51:38.504Z",
            "user": 1,
            "comment": "A wonderful serenity has taken possession of my entire soul, like these sweet mornings of spring which I enjoy with my whole heart."
        }
    },
    {
        "pk": 11,
        "model": "cart.shopreview",
        "fields": {
            "shop": 2,
            "rating": 4,
            "is_approved": true,
            "modified_at": "2014-10-21T20:51:52.272Z",
            "added_at": "2014-10-21T20:51:52.272Z",
            "user": 1,
            "comment": "I am alone, and feel the charm of existence in this spot, which was created for the bliss of souls like mine."
        }
    },
    {
        "pk": 12,
        "model": "cart.shopreview",
        "fields": {
            "shop": 2,
            "rating": 2,
            "is_approved": true,
            "modified_at": "2014-10-21T20:52:09.803Z",
            "added_at": "2014-10-21T20:52:09.803Z",
            "user": 1,
            "comment": "I should be incapable of drawing a single stroke at the present moment; and yet I feel that I never was a greater artist than now."
        }
    },
    {
        "pk": 13,
        "model": "cart.shopreview",
        "fields": {
            "shop": 2,
            "rating": 3,
            "is_approved": false,
            "modified_at": "2014-10-21T20:52:28.819Z",
            "added_at": "2014-10-21T20:52:28.819Z",
            "user": 1,
            "comment": "I am so happy, my dear friend, so absorbed in the exquisite sense of mere tranquil existence, that I neglect my talents."
        }
    },
    {
        "pk": 1,
        "model": "cart.shopproduct",
        "fields": {
            "shop": 2,
            "info": "Far far away, behind the word mountains, far from the countries Vokalia and Consonantia, there live the blind texts. Separated they live in Bookmarksgrove right at the coast of the Semantics, a large language ocean. A small river named Duden flows by their place and supplies it with the necessary regelialia. It is a paradisematic country, in which roasted parts of sentences fly into your mouth. Even the all-powerful Pointing has no control about the blind texts it is an almost unorthographic life One day however a small line of blind text by the name of Lorem Ipsum decided to leave for the far World of Grammar. The Big Oxmox advised her not to do so, because there were thousands of bad Commas.",
            "product": 1,
            "url": null,
            "price": "380",
            "modified_at": "2014-10-21T20:38:59.665Z",
            "added_at": "2014-10-21T20:38:59.665Z",
            "currency": 1,
            "quantity": 20
        }
    },
    {
        "pk": 2,
        "model": "cart.shopproduct",
        "fields": {
            "shop": 2,
            "info": "",
            "product": 2,
            "url": null,
            "price": "520",
            "modified_at": "2014-10-21T20:38:59.666Z",
            "added_at": "2014-10-21T20:38:59.666Z",
            "currency": 1,
            "quantity": 21
        }
    },
    {
        "pk": 3,
        "model": "cart.shopproduct",
        "fields": {
            "shop": 2,
            "info": "",
            "product": 3,
            "url": null,
            "price": "610",
            "modified_at": "2014-10-21T20:38:59.666Z",
            "added_at": "2014-10-21T20:38:59.666Z",
            "currency": 1,
            "quantity": 28
        }
    },
    {
        "pk": 4,
        "model": "cart.shopproduct",
        "fields": {
            "shop": 2,
            "info": "",
            "product": 6,
            "url": null,
            "price": "420",
            "modified_at": "2014-10-21T20:38:59.667Z",
            "added_at": "2014-10-21T20:38:59.667Z",
            "currency": 1,
            "quantity": 24
        }
    },
    {
        "pk": 5,
        "model": "cart.shopproduct",
        "fields": {
            "shop": 2,
            "info": "",
            "product": 4,
            "url": null,
            "price": "980",
            "modified_at": "2014-10-21T20:38:59.668Z",
            "added_at": "2014-10-21T20:38:59.667Z",
            "currency": 1,
            "quantity": 12
        }
    },
    {
        "pk": 6,
        "model": "cart.shopproduct",
        "fields": {
            "shop": 1,
            "info": "",
            "product": 1,
            "url": null,
            "price": "400",
            "modified_at": "2014-10-21T20:41:14.512Z",
            "added_at": "2014-10-21T20:41:14.512Z",
            "currency": 1,
            "quantity": 20
        }
    },
    {
        "pk": 7,
        "model": "cart.shopproduct",
        "fields": {
            "shop": 1,
            "info": "Far far away, behind the word mountains, far from the countries Vokalia and Consonantia, there live the blind texts. Separated they live in Bookmarksgrove right at the coast of the Semantics, a large language ocean. A small river named Duden flows by their place and supplies it with the necessary regelialia. It is a paradisematic country, in which roasted parts of sentences fly into your mouth. Even the all-powerful Pointing has no control about the blind texts it is an almost unorthographic life One day however a small line of blind text by the name of Lorem Ipsum decided to leave for the far World of Grammar. The Big Oxmox advised her not to do so, because there were thousands of bad Commas, wild Question Marks and devious Semikoli, but the Little Blind Text didn\u2019t listen. She packed her seven versalia, put her initial into the belt and made herself on the way. When she reached the first hills of the Italic Mountains, she had a last view back on the skyline of her hometown Bookmarksgrove.",
            "product": 2,
            "url": null,
            "price": "500",
            "modified_at": "2014-10-21T20:41:14.513Z",
            "added_at": "2014-10-21T20:41:14.513Z",
            "currency": 1,
            "quantity": 32
        }
    },
    {
        "pk": 8,
        "model": "cart.shopproduct",
        "fields": {
            "shop": 1,
            "info": "The European languages are members of the same family. Their separate existence is a myth. For science, music, sport, etc, Europe uses the same vocabulary.",
            "product": 3,
            "url": null,
            "price": "700",
            "modified_at": "2014-10-21T20:49:04.075Z",
            "added_at": "2014-10-21T20:41:14.514Z",
            "currency": 1,
            "quantity": 19
        }
    },
    {
        "pk": 9,
        "model": "cart.shopproduct",
        "fields": {
            "shop": 1,
            "info": "",
            "product": 5,
            "url": null,
            "price": "300",
            "modified_at": "2014-10-21T20:41:14.514Z",
            "added_at": "2014-10-21T20:41:14.514Z",
            "currency": 1,
            "quantity": 45
        }
    },
    {
        "pk": 10,
        "model": "cart.shopproduct",
        "fields": {
            "shop": 1,
            "info": "",
            "product": 4,
            "url": null,
            "price": "149",
            "modified_at": "2014-10-21T20:41:14.515Z",
            "added_at": "2014-10-21T20:41:14.515Z",
            "currency": 1,
            "quantity": 10
        }
    },
    {
        "pk": 11,
        "model": "cart.shopproduct",
        "fields": {
            "shop": 1,
            "info": "",
            "product": 6,
            "url": null,
            "price": "450",
            "modified_at": "2014-10-21T20:41:14.517Z",
            "added_at": "2014-10-21T20:41:14.517Z",
            "currency": 1,
            "quantity": 39
        }
    }
]