[
    {
        "pk": 1,
        "model": "account.profile",
        "fields": {
            "website": "https://github.com/KenanBek/django-skeleton",
            "modified_at": "2014-10-21T20:58:28.610Z",
            "user": 0,
            "added_at": "2014-10-21T20:58:28.610Z",
            "avatar": "account/avatar/admin.png"
        }
    },
    {
        "pk": 1,
        "model": "website.slider",
        "fields": {
            "status": "Published",
            "modified_at": "2014-10-21T21:11:40.276Z",
            "description": "A wonderful serenity has taken possession of my entire soul, like these sweet mornings of spring which I enjoy with my whole heart.",
            "added_at": "2014-10-21T21:11:40.276Z",
            "title": "Five dogs"
        }
    },
    {
        "pk": 2,
        "model": "website.slider",
        "fields": {
            "status": "Published",
            "modified_at": "2014-10-21T21:31:16.281Z",
            "description": "Great men ever born on earth.",
            "added_at": "2014-10-21T21:31:16.281Z",
            "title": "Great ones"
        }
    },
    {
        "pk": 1,
        "model": "website.slide",
        "fields": {
            "status": "Published",
            "description": "Lorem dolor sit.",
            "title": "One",
            "image": "website/slider/one.jpg",
            "modified_at": "2014-10-21T21:11:40.277Z",
            "related_slider": 1,
            "added_at": "2014-10-21T21:11:40.277Z"
        }
    },
    {
        "pk": 2,
        "model": "website.slide",
        "fields": {
            "status": "Published",
            "description": "Sit amet dolor.",
            "title": "Two",
            "image": "website/slider/two.jpeg",
            "modified_at": "2014-10-21T21:11:40.279Z",
            "related_slider": 1,
            "added_at": "2014-10-21T21:11:40.279Z"
        }
    },
    {
        "pk": 3,
        "model": "website.slide",
        "fields": {
            "status": "Published",
            "description": "Amet amet lorem.",
            "title": "Three",
            "image": "website/slider/three.jpg",
            "modified_at": "2014-10-21T21:11:40.280Z",
            "related_slider": 1,
            "added_at": "2014-10-21T21:11:40.280Z"
        }
    },
    {
        "pk": 4,
        "model": "website.slide",
        "fields": {
            "status": "Published",
            "description": "Ipsum lorem sit.",
            "title": "Four",
            "image": "website/slider/four.jpg",
            "modified_at": "2014-10-21T21:11:40.281Z",
            "related_slider": 1,
            "added_at": "2014-10-21T21:11:40.281Z"
        }
    },
    {
        "pk": 5,
        "model": "website.slide",
        "fields": {
            "status": "Published",
            "description": "Sit amet lorem.",
            "title": "Five",
            "image": "website/slider/five.jpg",
            "modified_at": "2014-10-21T21:11:40.282Z",
            "related_slider": 1,
            "added_at": "2014-10-21T21:11:40.282Z"
        }
    },
    {
        "pk": 6,
        "model": "website.slide",
        "fields": {
            "status": "Published",
            "description": "Lorem ipsum dolor sit amet.",
            "title": "Einsten",
            "image": "website/slider/einstein.jpg",
            "modified_at": "2014-10-21T21:31:16.283Z",
            "related_slider": 2,
            "added_at": "2014-10-21T21:31:16.283Z"
        }
    },
    {
        "pk": 7,
        "model": "website.slide",
        "fields": {
            "status": "Published",
            "description": "Lorem ipsum dolor sit amet.",
            "title": "Newton",
            "image": "website/slider/newton.jpg",
            "modified_at": "2014-10-21T21:31:16.284Z",
            "related_slider": 2,
            "added_at": "2014-10-21T21:31:16.284Z"
        }
    },
    {
        "pk": 8,
        "model": "website.slide",
        "fields": {
            "status": "Published",
            "description": "Lorem ipsum dolor sit amet.",
            "title": "Galileo",
            "image": "website/slider/galileo.jpg",
            "modified_at": "2014-10-21T21:31:16.285Z",
            "related_slider": 2,
            "added_at": "2014-10-21T21:31:16.285Z"
        }
    },
    {
        "pk": 9,
        "model": "website.slide",
        "fields": {
            "status": "Published",
            "description": "Lorem ipsum dolor sit amet.",
            "title": "Da Vinci",
            "image": "website/slider/davinci.jpg",
            "modified_at": "2014-10-21T21:31:16.287Z",
            "related_slider": 2,
            "added_at": "2014-10-21T21:31:16.286Z"
        }
    },
    {
        "pk": 10,
        "model": "website.slide",
        "fields": {
            "status": "Published",
            "description": "Lorem ipsum dolor sit amet.",
            "title": "Darwin",
            "image": "website/slider/darwin.jpg",
            "modified_at": "2014-10-21T21:31:16.288Z",
            "related_slider": 2,
            "added_at": "2014-10-21T21:31:16.288Z"
        }
    },
    {
        "pk": 11,
        "model": "website.slide",
        "fields": {
            "status": "Published",
            "description": "Lorem ipsum dolor sit amet.",
            "title": "Dostoevsky",
            "image": "website/slider/dostoevsky.jpg",
            "modified_at": "2014-10-21T21:31:16.289Z",
            "related_slider": 2,
            "added_at": "2014-10-21T21:31:16.289Z"
        }
    },
    {
        "pk": 1,
        "model": "website.widget",
        "fields": {
            "link_title": "",
            "title": "Quick",
            "link_url": "",
            "modified_at": "2014-10-21T21:03:12.383Z",
            "added_at": "2014-10-21T21:03:12.383Z",
            "content": "The quick, brown fox jumps over a lazy dog. DJs flock by when MTV ax quiz prog. Junk MTV quiz graced by fox whelps. Bawds jog, flick quartz, vex nymphs. Waltz, bad nymph, for quick jigs vex!",
            "featured_image": ""
        }
    },
    {
        "pk": 2,
        "model": "website.widget",
        "fields": {
            "link_title": "",
            "title": "Nymph",
            "link_url": "",
            "modified_at": "2014-10-21T21:03:29.813Z",
            "added_at": "2014-10-21T21:03:29.813Z",
            "content": "Fox nymphs grab quick-jived waltz. Brick quiz whangs jumpy veldt fox. Bright vixens jump; dozy fowl quack. Quick wafting zephyrs vex bold Jim. Quick zephyrs blow, vexing daft Jim.",
            "featured_image": ""
        }
    },
    {
        "pk": 3,
        "model": "website.widget",
        "fields": {
            "link_title": "",
            "title": "Charged",
            "link_url": "",
            "modified_at": "2014-10-21T21:03:55.971Z",
            "added_at": "2014-10-21T21:03:55.971Z",
            "content": "Sex-charged fop blew my junk TV quiz. How quickly daft jumping zebras vex. Two driven jocks help fax my big quiz. Quick, Baz, get my woven flax jodhpurs! \"Now fax quiz Jack! \" my brave ghost pled.",
            "featured_image": ""
        }
    },
    {
        "pk": 4,
        "model": "website.widget",
        "fields": {
            "link_title": "",
            "title": "Five",
            "link_url": "",
            "modified_at": "2014-10-21T21:33:49.350Z",
            "added_at": "2014-10-21T21:04:06.414Z",
            "content": "Five quacking zephyrs jolt my wax bed. Flummoxed by job, kvetching W. zaps Iraq. Cozy sphinx waves quart jug of bad milk. A very bad quack might jinx zippy fowls. Few quips galvanized the mock jury box.",
            "featured_image": "website/widget/five.png"
        }
    },
    {
        "pk": 5,
        "model": "website.widget",
        "fields": {
            "link_title": "",
            "title": "Dogs",
            "link_url": "",
            "modified_at": "2014-10-21T21:05:29.548Z",
            "added_at": "2014-10-21T21:04:15.709Z",
            "content": "Quick brown dogs jump over the lazy fox. The jay, pig, fox, zebra, and my wolves quack! Blowzy red vixens fight for a quick jump. Joaquin Phoenix was gazed by MTV for luck. A wizard\u2019s job is to vex chumps quickly in fog. Watch \"Jeopardy! \", Alex Trebek's fun TV quiz game. Woven silk pyjamas exchanged for blue quartz. Brawny gods just",
            "featured_image": "website/widget/dogs.jpg"
        }
    },
    {
        "pk": 1,
        "model": "website.page",
        "fields": {
            "status": "Published",
            "title": "Five dogs",
            "modified_at": "2014-10-21T21:13:29.526Z",
            "related_slider": 1,
            "added_at": "2014-10-21T21:07:10.520Z",
            "content": "<p><span style=\"background-color:rgb(255, 255, 255); color:rgb(102, 102, 102)\">A wonderful serenity has taken possession of my entire soul, like these sweet mornings of spring which I enjoy with my whole heart. I am alone, and feel the charm of existence in this spot, which was created for the bliss of souls like mine. I am so happy, my dear friend, so absorbed in the exquisite sense of mere tranquil existence, that I neglect my talents. I should be incapable of drawing a single stroke at the present moment; and yet I feel that I never was a greater artist than now. When, while the lovely valley teems with vapour around me, and the meridian sun strikes the upper surface of the impenetrable foliage of my trees, and but a few stray gleams steal into the inner sanctuary, I throw myself down among the tall grass by the trickling stream; and, as <u><strong>I lie close to the earth, a thousand unknown plants are noticed by me: when I hear the buzz of the little world among the stalks, and grow familiar with the countless indescribable forms of the insects and flies, then I feel the presence of the Almighty,</strong></u> who formed us in his own image, and the breath of that universal love which bears and sustains us, as it floats around us in an eternity of bliss; and then, my friend, when darkness overspreads my eyes, and heaven and earth seem to dwell in my soul and absorb its power, like the form of a beloved mistress, then I often think with longing, Oh, would I could describe these conceptions, could impress upon paper all that is living so full and warm within me, that it might be the mirror of my soul, as my soul is the mirror of the infinite God!</span></p>\r\n",
            "featured_image": "website/page/five-dogs.jpg",
            "widgets": [4, 5],
            "slug": "five-dogs"
        }
    },
    {
        "pk": 2,
        "model": "website.page",
        "fields": {
            "status": "Published",
            "title": "My friend",
            "modified_at": "2014-10-21T23:02:46.975Z",
            "related_slider": null,
            "added_at": "2014-10-21T21:13:06.852Z",
            "content": "<p>O my friend -- but it is too much for my strength -- I sink under the weight of the splendour of these visions! A wonderful serenity has taken possession of my entire soul, like these sweet mornings of spring which I enjoy with my whole heart. I am alone, and feel the charm of existence in this spot, which was created for the bliss of souls like mine. I am so happy, my dear friend, so absorbed in the exquisite sense of mere tranquil existence, that I neglect my talents. I should be incapable of drawing a single stroke at the present moment; and yet I feel that I never was a greater artist than now.</p>\r\n\r\n<p>When, while the lovely valley teems with vapour around me, and the meridian sun strikes the upper surface of the impenetrable foliage of my trees, and but a few stray gleams steal into the inner sanctuary, I throw myself down among the tall grass by the trickling stream; and, as <u>I lie close to the earth, a thousand unknown plants are noticed by me: when</u> I hear the buzz of the little world among the stalks, and grow familiar with the countless indescribable forms of the insects and flies, then I feel the presence of the Almighty, who formed us in his own image, and the breath of that universal love which bears and sustains us, as it floats around us in an eternity of bliss; and then, my friend, when darkness overspreads my eyes, and heaven and earth seem to dwell in my soul and absorb its power, like the form of a beloved mistress, then I often think with longing, Oh, would I could describe these conceptions, could impress upon paper all that is living so full and warm within me, that it might be the mirror of my soul, as my soul is the mirror of the infinite God! O my friend -- but it is too much for my strength -- I sink under the weight of the splendour of these visions! A wonderful serenity has taken possession of my entire soul, like these sweet mornings of spring which I enjoy with my whole heart. I am alone, and feel the charm of existence in this spot, which was created for the bliss of souls like mine. I am so happy, my dear friend, so absorbed in the exquisite sense of mere tranquil existence, that I neglect my talents. I should be incapable of drawing a single stroke at the present moment; and yet I feel that I never was a greater artist than now. When, while the lovely valley teems with vapour around me, and the meridian sun strikes the upper surface of the impenetrable foliage of my trees, and but a few stray gleams steal into the inner sanctuary, I throw myself down among the tall grass by the trickling stream; and, as I lie close to the earth, a thousand unknown plants are noticed by me: when I hear the buzz of the little world among the stalks, and grow familiar with the countless indescribable forms of the insects and flies, then I feel the presence of the Almighty, who formed us in his own image, and the breath of that universal love which bears and sustains us, as it floats around us in an eternity of bliss; and then, my friend, when darkness overspreads my eyes, and heaven and earth seem to dwell in my soul and absorb its power, like the form of a beloved mistress, then I often think with longing, Oh, would I could describe these conceptions, could impress upon paper all that is living so full and warm within me, that it might be the mirror of my soul, as my soul is the mirror of the infinite God! O my friend -- but it is too much for my strength -- I sink under the weight of the splendour of these visions! A wonderful serenity has taken possession of my entire soul, like these sweet mornings of spring which I enjoy with my whole heart. I am alone, and feel the charm of existence in this spot, which was created for the bliss of souls.</p>\r\n",
            "featured_image": "website/page/friends.jpg",
            "widgets": [1, 2, 3, 4, 5],
            "slug": "my-friend"
        }
    },
    {
        "pk": 1,
        "model": "website.category",
        "fields": {
            "description": "Lorem ipsum dolor sit amet.",
            "modified_at": "2014-10-21T21:18:04.609Z",
            "slug": "wonderful",
            "added_at": "2014-10-21T21:18:04.609Z",
            "title": "Wonderful"
        }
    },
    {
        "pk": 2,
        "model": "website.category",
        "fields": {
            "description": "Lorem ipsum dolor sit amet.",
            "modified_at": "2014-10-21T21:18:13.437Z",
            "slug": "trick",
            "added_at": "2014-10-21T21:18:13.437Z",
            "title": "Trick"
        }
    },
    {
        "pk": 3,
        "model": "website.category",
        "fields": {
            "description": "Lorem ipsum dolor sit amet.",
            "modified_at": "2014-10-21T21:18:19.221Z",
            "slug": "ban",
            "added_at": "2014-10-21T21:18:19.221Z",
            "title": "Ban"
        }
    },
    {
        "pk": 4,
        "model": "website.category",
        "fields": {
            "description": "Lorem ipsum dolor sit amet.",
            "modified_at": "2014-10-21T21:18:38.401Z",
            "slug": "rafka",
            "added_at": "2014-10-21T21:18:38.401Z",
            "title": "Rafka"
        }
    },
    {
        "pk": 5,
        "model": "website.category",
        "fields": {
            "description": "Lorem ipsum dolor sit amet.",
            "modified_at": "2014-10-21T21:18:47.608Z",
            "slug": "lorem",
            "added_at": "2014-10-21T21:18:47.608Z",
            "title": "Lorem"
        }
    },
    {
        "pk": 6,
        "model": "website.category",
        "fields": {
            "description": "Lorem ipsum dolor sit amet.",
            "modified_at": "2014-10-21T21:19:01.006Z",
            "slug": "ipsum",
            "added_at": "2014-10-21T21:19:01.006Z",
            "title": "Ipsum"
        }
    },
    {
        "pk": 7,
        "model": "website.category",
        "fields": {
            "description": "Lorem ipsum dolor sit amet.",
            "modified_at": "2014-10-21T21:19:07.373Z",
            "slug": "dolor",
            "added_at": "2014-10-21T21:19:07.373Z",
            "title": "Dolor"
        }
    },
    {
        "pk": 8,
        "model": "website.category",
        "fields": {
            "description": "Lorem ipsum dolor sit amet.",
            "modified_at": "2014-10-21T21:19:12.318Z",
            "slug": "sit",
            "added_at": "2014-10-21T21:19:12.318Z",
            "title": "Sit"
        }
    },
    {
        "pk": 9,
        "model": "website.category",
        "fields": {
            "description": "Lorem ipsum dolor sit amet.",
            "modified_at": "2014-10-21T21:19:18.287Z",
            "slug": "amet",
            "added_at": "2014-10-21T21:19:18.287Z",
            "title": "Amet"
        }
    },
    {
        "pk": 1,
        "model": "website.post",
        "fields": {
            "status": "Published",
            "title": "Einstein",
            "modified_at": "2014-10-21T21:32:06.737Z",
            "short_content": "Lorem ipsum dolor sit amet, consectetuer adipiscing elit. Aenean commodo ligula eget dolor. Aenean massa. Cum sociis natoque penatibus et magnis dis parturient montes, nascetur ridiculus mus. Donec quam felis, ultricies nec, pellentesque eu, pretium quis, sem. Nulla consequat massa quis enim.",
            "added_at": "2014-10-21T21:22:28.059Z",
            "related_slider": 2,
            "featured_image": "website/post/einstein.jpg",
            "full_content": "<p><span style=\"background-color:rgb(255, 255, 255); color:rgb(102, 102, 102)\">A wonderful serenity has taken possession of my entire soul, like these sweet mornings of spring which I enjoy with my whole heart. I am alone, and feel the charm of existence in this spot, which was created for the bliss of souls like mine. I am so happy, my dear friend, so absorbed in the exquisite sense of mere tranquil existence, that I neglect my talents. I should be incapable of drawing a single stroke at the present moment; and yet I feel that I never was a greater artist than now. When, while the lovely valley teems with vapour around me, and the meridian sun strikes the upper surface of the impenetrable foliage of my trees, and but a few stray gleams steal into the inner sanctuary, I throw myself down among the tall grass by the trickling stream; and, as I lie close to the earth, a thousand unknown plants are noticed by me: when I hear the buzz of the little world among the stalks, and grow familiar with the countless indescribable forms of the insects and flies, then I feel the presence of the Almighty, who formed us in his own image, and the breath of that universal love which bears and sustains us, as it floats around us in an eternity of bliss; and then, my friend, when darkness overspreads my eyes, and heaven and earth seem to dwell in my soul and absorb its power, like the form of a beloved mistress, then I often think with longing, Oh, would I could describe these conceptions, could impress upon paper all that is living so full and warm within me, that it might be the mirror of my soul, as my soul is the mirror of the infinite God! O my friend -- but it is too much for my strength -- I sink under the weight of the splendour of these visions! A wonderful serenity has taken possession of my entire soul, like these sweet mornings of spring which I enjoy with my whole heart. I am alone, and feel the charm of existence in this spot, which was created for the bliss of souls like mine. I am so happy, my dear friend, so absorbed in the exquisite sense of mere tranquil existence, that I neglect my talents. I should be incapable of drawing a single stroke at the present moment; and yet I feel that I never was a greater artist than now. When, while the lovely valley teems with vapour around me, and the meridian sun strikes the upper surface of the impenetrable foliage of my trees, and but a few stray gleams steal into the inner sanctuary, I throw myself down among the tall grass by the trickling stream; and, as I lie close to the earth, a thousand unknown plants are noticed by me: when I hear the buzz of the little world among the stalks, and grow familiar with the countless indescribable forms of the insects and flies, then I feel the presence of the Almighty, who formed us in his own image, and the breath of that universal love which bears and sustains us, as it floats around us in an eternity of bliss; and then, my friend, when darkness overspreads my eyes, and heaven and earth seem to dwell in my soul and absorb its power, like the form of a beloved mistress, then I often think with longing, Oh, would I could describe these conceptions, could impress upon paper all that is living so full and warm within me, that it might be the mirror of my soul, as my soul is the mirror of the infinite God! O my friend -- but it is too much for my strength -- I sink under the weight of the splendour of these visions! A wonderful serenity has taken possession of my entire soul, like these sweet mornings of spring which I enjoy with my whole heart. I am alone, and feel the charm of existence in this spot, which was created for the bliss of souls like mine. I am so happy, my dear friend, so absorbed in the exquisite sense of mere tranquil existence, that I neglect my talents. I should be incapable of drawing a single stroke at the present moment; and yet I feel that I never was a greater artist than now. When, while the lovely valley teems with vapour around me, and the meridian sun strikes the upper surface of the impenetrable foliage of my trees, and but a few stray gleams steal into the inner sanctuary, I throw myself down among the tall grass by the trickling stream; and, as I lie close to the earth, a thousand unknown plants are noticed by me: when I hear the buzz of the little world among the stalks, and grow familiar with the countless indescribable forms of the insects and flies, then I feel the presence of the Almighty, who formed us in his own <em><u><strong>image, and the breath of that universal love which bears and sustains us, as it floats around us in an eternity of bliss; and then, my friend, when darkness overspreads my eyes, and heaven and earth seem to dwell in my soul and absorb its power,</strong></u></em> like the form of a beloved mistress, then I often think with longing, Oh, would I could describe these conceptions, could impress upon paper all that is living so full and warm within me, that it might be the mirror of my soul, as my soul is the mirror of the infinite God! O my friend -- but it is too much for my strength -- I sink under the weight of the splendour of these visions! A wonderful serenity has taken possession of my entire soul, like these sweet mornings of spring which I enjoy with my whole heart. I am alone, and feel the charm of existence in this spot, which was created for the bliss of souls like mine. I am so happy, my dear friend, so absorbed in the exquisite sense of mere tranquil existence, that I neglect my talents. I should be incapable of drawing a single stroke at the present moment; and yet I feel that I never was a greater artist than now. When, while the lovely valley teems with vapour around me, and the meridian sun strikes the upper surface of the impenetrable foliage of my trees, and but a few stray gleams steal into the inner sanctuary, I throw myself down among the tall grass by the trickling stream; and, as I lie close to the earth, a thousand unknown plants are noticed by me: when I hear the buzz of the little world among the stalks, and grow familiar with the countless indescribable forms of the insects and flies, then I feel the presence of the Almighty, who formed us in his own image, and the breath of that universal love which bears and sustains us, as it floats around us in an eternity of bliss; and then, my friend, when darkness overspreads my eyes, and heaven and earth seem to dwell in my soul and absorb its power, like the form of a beloved mistress, then I often think with longing, Oh, would I could describe these conceptions, could impress upon paper all that is living so full and warm within me, that it might be the mirror of my soul, as my soul is the mirror of the infinite God! O my friend -- but it is too much for my strength -- I sink under the weight of the splendour of these visions! A wonderful serenity has taken possession of my entire soul, like these sweet mornings of spring which I enjoy with my whole heart. I am alone, and feel the charm of existence in this spot, which was created for the bliss of souls like mine. I am so happy, my dear friend, so absorbed in the exquisite sense of mere tranquil existence, that I neglect my talents. I should be incapable of drawing a single stroke at the present moment; and yet I feel that I never was a greater artist than now.</span></p>\r\n",
            "slug": "einstein",
            "categories": [3, 4, 5, 7, 8, 9]
        }
    },
    {
        "pk": 2,
        "model": "website.post",
        "fields": {
            "status": "Published",
            "title": "Newton",
            "modified_at": "2014-10-21T21:32:02.735Z",
            "short_content": "Donec pede justo, fringilla vel, aliquet nec, vulputate eget, arcu. In enim justo, rhoncus ut, imperdiet a, venenatis vitae, justo. Nullam dictum felis eu pede mollis pretium. Integer tincidunt. Cras dapibus. Vivamus elementum semper nisi. Aenean vulputate eleifend tellus.",
            "added_at": "2014-10-21T21:23:47.622Z",
            "related_slider": 2,
            "featured_image": "website/post/newton.jpg",
            "full_content": "<h2 style=\"font-style:italic\"><span style=\"background-color:rgb(255, 255, 255); color:rgb(102, 102, 102)\">When, while the lovely valley teems with vapour around me, and the meridian sun strikes the upper surface of the impenetrable foliage of my trees, and but a few stray gleams steal into the inner sanctuary, I throw myself down among the tall grass by the trickling stream; and, as I lie close to the earth, a thousand unknown plants are noticed by me: when I hear the buzz of the little world among the stalks, and grow familiar with the countless indescribable forms of the insects and flies, then I feel the presence of the Almighty, who formed us in his own image, and the breath of that universal love which bears and sustains us, as it floats around us in an eternity of bliss; and then, my friend, when darkness overspreads my eyes, and heaven and earth seem to dwell in my soul and absorb its power, like the form of a beloved mistress, then I often think with longing, Oh, would I could describe these conceptions, could impress upon paper all that is living so full and warm within me, that it might be the mirror of my soul, as my soul is the mirror of the infinite God! O my friend -- but it is too much for my strength -- I sink under the weight of the splendour of these visions! A wonderful serenity has taken possession of my entire soul, like these sweet mornings of spring which I enjoy with my whole heart. I am alone, and feel the charm of existence in this spot, which was created for the bliss of souls like mine. I am so happy, my dear friend, so absorbed in the exquisite sense of mere tranquil existence, that I neglect my talents. I should be incapable of drawing a single stroke at the present moment; and yet I feel that I never was a greater artist than now. When, while the lovely valley teems with vapour around me, and the meridian sun strikes the upper surface of the impenetrable foliage of my trees, and but a few stray gleams steal into the inner sanctuary, I throw myself down among the tall grass by the trickling stream; and, as I lie close to the earth, a thousand unknown plants are noticed by me: when I hear the buzz of the little world among the stalks, and grow familiar with the countless indescribable forms of the insects and flies, then I feel the presence of the Almighty, who formed us in his own image, and the breath of that universal love which bears and sustains us, as it floats around us in an eternity of bliss; and then, my friend, when darkness overspreads my eyes, and heaven and earth seem to dwell in my soul and absorb its power, like the form of a beloved mistress, then I often think with longing, Oh, would I could describe these conceptions, could impress upon paper all that is living so full and warm within me, that it might be the mirror of my soul, as my soul is the mirror of the infinite God! O my friend -- but it is too much for my strength -- I sink under the weight of the splendour of these visions! A wonderful serenity has taken possession of my entire soul, like these sweet mornings of spring which I enjoy with my whole heart. I am alone, and feel the charm of existence in this spot, which was created for the bliss of souls like mine. I am so happy, my dear friend, so absorbed in the exquisite sense of mere tranquil existence, that I neglect my talents. I should be incapable of drawing a single stroke at the present moment; and yet I feel that I never was a greater artist than now. When, while the lovely valley teems with vapour around me, and the meridian sun strikes the upper surface of the impenetrable foliage of my trees, and but a few stray gleams steal into the inner sanctuary, I throw myself down among the tall grass by the trickling stream; and, as I lie close to the earth, a thousand unknown plants are noticed by me: when I hear the buzz of the little world among the stalks, and grow familiar with the countless indescribable forms of the insects and flies, then I feel the presence of the Almighty, who formed us in his own image, and the breath of that universal love which bears and sustains us, as it floats around us in an eternity of bliss; and then, my friend, when darkness overspreads my eyes, and heaven and earth seem to dwell in my soul and absorb its power, like the form of a beloved mistress, then I often think with longing, Oh, would I could describe these conceptions, could impress upon paper all that is living so full and warm within me, that it might be the mirror of my soul, as my soul is the mirror of the infinite God! O my friend -- but it is too much for my strength -- I sink under the weight of the splendour of these visions! A wonderful serenity has taken possession of my entire soul, like these sweet mornings of spring which I enjoy with my whole heart. I am alone, and feel the charm of existence in this spot, which was created for the bliss of souls like mine. I am so happy, my dear friend, so absorbed in the exquisite sense of mere tranquil existence, that I neglect my talents. I should be incapable of drawing a single stroke at the present moment; and yet I feel that I never was a greater artist than now. When, while the lovely valley teems with vapour around me, and the meridian sun strikes the upper surface of the impenetrable foliage of my trees, and but a few stray gleams steal into the inner sanctuary, I throw myself down among the tall grass by the trickling stream; and, as I lie close to the earth, a thousand unknown plants are noticed by me: when I hear the buzz of the little world among the stalks, and grow familiar with the countless indescribable forms of the insects and flies, then I feel the presence of the Almighty, who formed us in his own image, and the breath of that universal love which bears and sustains us, as it floats around us in an eternity of bliss; and then, my friend, when darkness overspreads my eyes, and heaven and earth seem to dwell in my soul and absorb its power, like the form of a beloved mistress, then I often think with longing, Oh, would I could describe these conceptions, could impress upon paper all that is living so full and warm within me, that it might be the mirror of my soul, as my soul is the mirror of the infinite God! O my friend -- but it is too much for my strength -- I sink under the weight of the splendour of these visions! A wonderful serenity has taken possession of my entire soul, like these sweet mornings of spring which I enjoy <strong><u><em>with my whole heart. I am alone, and feel the charm of existence in this spot, which was created for the bliss of souls like mine. I am so happy, my dear friend, so absorbed in the exquisite sense of mere tranquil </em></u></strong>existence, that I neglect my talents. I should be incapable of drawing a single stroke at the present moment; and yet I feel that I never was a greater artist than now. When, while the lovely valley teems with vapour around me, and the meridian sun strikes the upper surface of the impenetrable foliage of my trees, and but a few stray gleams steal into the inner sanctuary, I throw myself down among the tall grass by the trickling stream; and, as I lie close to the earth, a thousand unknown plants are noticed by me: when I hear the buzz of the little world among the stalks, and grow familiar with the countless indescribable forms of the insects and flies, then I feel the presence of the Almighty, who formed us in his own image, and the breath of that universal love which bears and sustains us, as it floats around us in an eternity of bliss; and then, my friend, when darkness overspreads my eyes, and heaven and earth seem to dwell in my soul and absorb its power, like the form of a beloved mistress, then I often think with longing, Oh, would I could describe these conceptions, could impress upon paper all that is living so full and warm within me, that it might be the mirror of my soul, as my soul is the mirror of the infinite God!</span></h2>\r\n",
            "slug": "newton",
            "categories": [1, 2, 3, 4, 5, 6, 7]
        }
    },
    {
        "pk": 3,
        "model": "website.post",
        "fields": {
            "status": "Published",
            "title": "Darwin",
            "modified_at": "2014-10-21T21:31:58.632Z",
            "short_content": "Aenean leo ligula, porttitor eu, consequat vitae, eleifend ac, enim. Aliquam lorem ante, dapibus in, viverra quis, feugiat a, tellus. Phasellus viverra nulla ut metus varius laoreet. Quisque rutrum. Aenean imperdiet. Etiam ultricies nisi vel augue. Curabitur ullamcorper ultricies nisi. Nam eget dui.",
            "added_at": "2014-10-21T21:25:00.470Z",
            "related_slider": 2,
            "featured_image": "website/post/darwin.jpg",
            "full_content": "<p><span style=\"background-color:rgb(255, 255, 255); color:rgb(102, 102, 102)\">O my friend -- but it is too much for my strength -- I sink under the weight of the splendour of these visions! A wonderful serenity has taken possession of my entire soul, like these sweet mornings of spring which I enjoy with my whole heart. I am alone, and feel the charm of existence in this spot, which was created for the bliss of souls like mine. I am so happy, my dear friend, so absorbed in the exquisite sense of mere tranquil existence, that I neglect my talents. I should be incapable of drawing a single stroke at the present moment; and yet I feel that I never was a greater artist than now. When, while the lovely valley teems with vapour around me, and the meridian sun strikes the upper surface of the impenetrable foliage of my trees, and but a few stray gleams steal into the inner sanctuary, I throw myself down among the tall grass by the trickling stream; and, as I lie close to the earth, a thousand unknown plants are noticed by me: when I hear the buzz of the little world among the stalks, and grow familiar with the countless indescribable forms of the insects and flies, then I feel the presence of the Almighty, who formed us in his own image, and the breath of that universal love which bears and sustains us, as it floats around us in an eternity of bliss; and then, my friend, when darkness overspreads my eyes, and heaven and earth seem to dwell in my soul and absorb its power, like the form of a beloved mistress, then I often think with longing, Oh, would I could describe these conceptions, could impress upon paper all that is living so full and warm within me, that it might be the mirror of my soul, as my soul is the mirror of the infinite God! O my friend -- but it is too much for my strength -- I sink under the weight of the splendour of these visions! A wonderful serenity has taken possession of my entire soul, like these sweet mornings of spring which I enjoy with my whole heart. I am alone, and feel the charm of existence in this spot, which was created for the bliss of souls like mine. I am so happy, my dear friend, so absorbed in the exquisite sense of mere tranquil existence, that I neglect my talents. I should be incapable of drawing a single stroke at the present moment; and yet I feel that I never was a greater artist than now. When, while the lovely valley teems with vapour around me, and the meridian sun strikes the upper surface of the impenetrable foliage of my trees, and but a few stray gleams steal into the inner sanctuary, I throw myself down among the tall grass by the trickling stream; and, as I lie close to the earth, a thousand unknown plants are noticed by me: when I hear the buzz of the little world among the stalks, and grow familiar with the countless indescribable forms of the insects and flies, then I feel the presence of the Almighty, who formed us in his own image, and the breath of that universal love which bears and sustains us, as it floats around us in an eternity of bliss; and then, my friend, when darkness overspreads my eyes, and heaven and earth seem to dwell in my soul and absorb its power, like the form of a beloved mistress, then I often think with longing, Oh, would I could describe these conceptions, could impress upon paper all that is living so full and warm within me, that it might be the mirror of my soul, as my soul is the mirror of the infinite God! O my friend -- but it is too much for my strength -- I sink under the weight of the splendour of these visions! A wonderful serenity has taken possession of my entire soul, like these sweet mornings of spring which I enjoy with my whole heart. I am alone, and feel the charm of existence in this spot, which was created for the bliss of souls like mine. I am so happy, my dear friend, so absorbed in the exquisite sense of mere tranquil existence, that I neglect my talents. I should be incapable of drawing a single stroke at the present moment; and yet I feel that I never was a greater artist than now. When, while the lovely valley teems with vapour around me, and the meridian sun strikes the upper surface of the impenetrable foliage of my trees, and but a few stray gleams steal into the inner sanctuary, I throw myself down among the tall grass by the trickling stream; and, as I lie close to the earth, a thousand unknown plants are noticed by me: when I hear the buzz of the little world among the stalks, and grow familiar with the countless <kbd>indescribable forms of the insects and flies, then I feel the presence of the Almighty, who formed us in his own image, and the breath of that universal love which bears and sustains us, as it floats around us in an eternity of bliss; and then, my friend, when darkness overspreads </kbd>my eyes, and heaven and earth seem to dwell in my soul and absorb its power, like the form of a beloved mistress, then I often think with longing, Oh, would I could describe these conceptions, could impress upon paper all that is living so full and warm within me, that it might be the mirror of my soul, as my soul is the mirror of the infinite God! O my friend -- but it is too much for my strength -- I sink under the weight of the splendour of these visions! A wonderful serenity has taken possession of my entire soul, like these sweet mornings of spring which I enjoy with my whole heart. I am alone, and feel the charm of existence in this spot, which was created for the bliss of souls like mine. I am so happy, my dear friend, so absorbed in the exquisite sense of mere tranquil existence, that I neglect my talents. I should be incapable of drawing a single stroke at the present moment; and yet I feel that I never was a greater artist than now. When, while the lovely valley teems with vapour around me, and the meridian sun strikes the upper surface of the impenetrable foliage of my trees, and but a few stray gleams steal into the inner sanctuary, I throw myself down among the tall grass by the trickling stream; and, as I lie close to the earth, a thousand unknown plants are noticed by me: when I hear the buzz of the little world among the stalks, and grow familiar with the countless indescribable forms of the insects and flies, then I feel the presence of the Almighty, who formed us in his own image, and the breath of that universal love which bears and sustains us, as it floats around us in an eternity of bliss; and then, my friend, when darkness overspreads my eyes, and heaven and earth seem to dwell in my soul and absorb its power, like the form of a beloved mistress, then I often think with longing, Oh, would I could describe these conceptions, could impress upon paper all that is living so full and warm within me, that it might be the mirror of my soul, as my soul is the mirror of the infinite God! O my friend -- but it is too much for my strength -- I sink under the weight of the splendour of these visions! A wonderful serenity has taken possession of my entire soul, like these sweet mornings of spring which I enjoy with my whole heart. I am alone, and feel the charm of existence in this spot, which was created for the bliss of souls like mine. I am so happy, my dear friend, so absorbed in the exquisite sense of mere tranquil existence, that I neglect my talents. I should be incapable of drawing a single stroke at the present moment; and yet I feel that I never was a greater artist than now.</span></p>\r\n",
            "slug": "darwin",
            "categories": [4, 5, 6, 8, 9]
        }
    },
    {
        "pk": 4,
        "model": "website.post",
        "fields": {
            "status": "Published",
            "title": "Da Vinci",
            "modified_at": "2014-10-21T21:31:53.472Z",
            "short_content": "Etiam rhoncus. Maecenas tempus, tellus eget condimentum rhoncus, sem quam semper libero, sit amet adipiscing sem neque sed ipsum. Nam quam nunc, blandit vel, luctus pulvinar, hendrerit id, lorem. Maecenas nec odio et ante tincidunt tempus. Donec vitae sapien ut libero venenatis faucibus. Nullam quis ante.",
            "added_at": "2014-10-21T21:26:19.368Z",
            "related_slider": 2,
            "featured_image": "website/post/davinci.jpg",
            "full_content": "<p><span style=\"background-color:rgb(255, 255, 255); color:rgb(102, 102, 102)\">When, while the lovely valley teems with vapour around me, and the meridian sun strikes the upper surface of the impenetrable foliage of my trees, and but a few stray gleams steal into the inner sanctuary, I throw myself down among the tall grass by the trickling stream; and, as I lie close to the earth, a thousand unknown plants are noticed by me: when I hear the buzz of the little world among the stalks, and grow familiar with the countless indescribable forms of the insects and flies, then I feel the presence of the Almighty, who formed us in his own image, and the breath of that universal love which bears and sustains us, as it floats around us in an eternity of bliss; and then, my friend, when darkness overspreads my eyes, and heaven and earth seem to dwell in my soul and absorb its power, like the form of a beloved mistress, then I often think with longing, Oh, would I could describe these conceptions, could impress upon paper all that is living so full and warm within me, that it might be the mirror of my soul, as my soul is the mirror of the infinite God! O my friend -- but it is too much for my strength -- I sink under the weight of the splendour of these visions! A wonderful serenity has taken possession of my entire soul, like these sweet mornings of spring which I enjoy with my whole heart. I am alone, and feel the charm of existence in this spot, which was created for the bliss of souls like mine. I am so happy, my dear friend, so absorbed in the exquisite sense of mere tranquil existence, that I neglect my talents. I should be incapable of drawing a single stroke at the present moment; and yet I feel that I never was a greater artist than now. When, while the lovely valley teems with vapour around me, and the meridian sun strikes the upper surface of the impenetrable foliage of my trees, and but a few stray gleams steal into the inner sanctuary, I throw myself down among the tall grass by the trickling stream; and, as I lie close to the earth, a thousand unknown plants are noticed by me: when I hear the buzz of the little world among the stalks, and grow familiar with the countless indescribable forms of the insects and flies, then I feel the presence of the Almighty, who formed us in his own image, and the breath of that universal love which bears and sustains us, as it floats around us in an eternity of bliss; and then, my friend, when darkness overspreads my eyes, and heaven and earth seem to dwell in my soul and absorb its power, like the form of a beloved mistress, then I often think with longing, Oh, would I could describe these conceptions, could impress upon paper all that is living so full and warm within me, that it might be the mirror of my soul, as my soul is the mirror of the infinite God! O my friend -- but it is too much for my strength -- I sink under the weight of the splendour of these visions! A wonderful serenity has taken possession of my entire soul, like these sweet mornings of spring which I enjoy with my whole heart. I am alone, and feel the charm of existence in this spot, which was created for the bliss of souls like mine. I am so happy, my dear friend, so absorbed in the exquisite sense of mere tranquil existence, that I neglect my talents. I should be incapable of drawing a single stroke at the present moment; and yet I feel that I never was a greater artist than now. When, while the lovely valley teems with vapour around me, and the meridian sun strikes the upper surface of the impenetrable foliage of my trees, and but a few stray gleams steal into the inner sanctuary, I throw myself down among the tall grass by the trickling stream; and, as I lie close to the earth, a thousand unknown plants are noticed by me: when I hear the buzz of the little world among the stalks, and grow familiar with the countless indescribable forms of the insects and flies, then I feel the presence of the Almighty, who formed us in his own image, and the breath of that universal love which bears and sustains us, as it floats around us in an eternity of bliss; and then, my friend, when darkness overspreads my eyes, and heaven and earth seem to dwell in my soul and absorb its power, like the form of a beloved mistress, then I often think with longing, Oh, would I could describe these conceptions, could impress upon paper all that is living so full and warm within me, that it might be the mirror of my soul, as my soul is the mirror of the infinite God! O my friend -- but it is too much for my strength -- I sink under the weight of the splendour of these visions! A wonderful serenity has taken possession of my entire soul, like these sweet mornings of spring which I enjoy with my whole heart. I am alone, and feel the charm of existence in this spot, which was created for the bliss of souls like mine. I am so happy, my dear friend, so absorbed in the exquisite sense of mere tranquil existence, that I neglect my talents. I should be incapable of drawing a single stroke at the present moment; and yet I feel that I never was a greater artist than now. When, while the lovely valley teems with vapour around me, and the meridian sun strikes the upper surface of the <u><em><strong>impenetrable foliage of my trees, and but a few stray gleams steal into the inner sanctuary, I throw myself down among the tall grass by the trickling stream; and, as I lie close to the earth, a thousand unknown plants are </strong></em></u>noticed by me: when I hear the buzz of the little world among the stalks, and grow familiar with the countless indescribable forms of the insects and flies, then I feel the presence of the Almighty, who formed us in his own image, and the breath of that universal love which bears and sustains us, as it floats around us in an eternity of bliss; and then, my friend, when darkness overspreads my eyes, and heaven and earth seem to dwell in my soul and absorb its power, like the form of a beloved mistress, then I often think with longing, Oh, would I could describe these conceptions, could impress upon paper all that is living so full and warm within me, that it might be the mirror of my soul, as my soul is the mirror of the infinite God! O my friend -- but it is too much for my strength -- I sink under the weight of the splendour of these visions! A wonderful serenity has taken possession of my entire soul, like these sweet mornings of spring which I enjoy with my whole heart. I am alone, and feel the charm of existence in this spot, which was created for the bliss of souls like mine. I am so happy, my dear friend, so absorbed in the exquisite sense of mere tranquil existence, that I neglect my talents. I should be incapable of drawing a single stroke at the present moment; and yet I feel that I never was a greater artist than now. When, while the lovely valley teems with vapour around me, and the meridian sun strikes the upper surface of the impenetrable foliage of my trees, and but a few stray gleams steal into the inner sanctuary, I throw myself down among the tall grass by the trickling stream; and, as I lie close to the earth, a thousand unknown plants are noticed by me: when I hear the buzz of the little world among the stalks, and grow familiar with the countless indescribable forms of the insects and flies, then I feel the presence of the Almighty, who formed us in his own image, and the breath of that universal love which bears and sustains us, as it floats around us in an eternity of bliss; and then, my friend, when darkness overspreads my eyes, and heaven and earth seem to dwell in my soul and absorb its power, like the form of a beloved mistress, then I often think with longing, Oh, would I could describe these conceptions, could impress upon paper all that is living so full and warm within me, that it might be the mirror of my soul, as my soul is the mirror of the infinite God! O my friend -- but it is too much for my strength -- I sink under the weight of the splendour of these visions!</span></p>\r\n",
            "slug": "da-vinci",
            "categories": [1, 2, 3, 4, 5, 6, 7, 8, 9]
        }
    },
    {
        "pk": 5,
        "model": "website.post",
        "fields": {
            "status": "Published",
            "title": "Galileo",
            "modified_at": "2014-10-21T21:31:48.083Z",
            "short_content": "Etiam sit amet orci eget eros faucibus tincidunt. Duis leo. Sed fringilla mauris sit amet nibh. Donec sodales sagittis magna. Sed consequat, leo eget bibendum sodales, augue velit cursus nunc, quis gravida magna mi a libero. Fusce vulputate eleifend sapien. Vestibulum purus quam, scelerisque ut, mollis sed, nonummy id, metus.",
            "added_at": "2014-10-21T21:27:18.538Z",
            "related_slider": 2,
            "featured_image": "website/post/galileo.jpg",
            "full_content": "<p><span style=\"background-color:rgb(255, 255, 255); color:rgb(102, 102, 102)\">A wonderful serenity has taken possession of my entire soul, like these sweet mornings of spring which I enjoy with my whole heart. I am alone, and feel the charm of existence in this spot, which was created for the bliss of souls like mine. I am so happy, my dear friend, so absorbed in the exquisite sense of mere tranquil existence, that I neglect my talents. I should be incapable of drawing a single stroke at the present moment; and yet I feel that I never was a greater artist than now. When, while the lovely valley teems with vapour around me, and the meridian sun strikes the upper surface of the impenetrable foliage of my trees, and but a few stray gleams steal into the inner sanctuary, I throw myself down among the tall grass by the trickling stream; and, as I lie close to the earth, a thousand unknown plants are noticed by me: when I hear the buzz of the little world among the stalks, and grow familiar with the countless indescribable forms of the insects and flies, then I feel the presence of the Almighty, who formed us in his own image, and the breath of that universal love which bears and sustains us, as it floats around us in an eternity of bliss; and then, my friend, when darkness overspreads my eyes, and heaven and earth seem to dwell in my soul and absorb its power, like the form of a beloved mistress, then I often think with longing, Oh, would I could describe these conceptions, could impress upon paper all that is living so full and warm within me, that it might be the mirror of my soul, as my soul is the mirror of the infinite God! O my friend -- but it is too much for my strength -- I sink under the weight of the splendour of these visions! A wonderful serenity has taken possession of my entire soul, like these sweet mornings of spring which I enjoy with my whole heart. I am alone, and feel the charm of existence in this spot, which was created for the bliss of souls like mine. I am so happy, my dear friend, so absorbed in the exquisite sense of mere tranquil existence, that I neglect my talents. I should be incapable of drawing a single stroke at the present moment; and yet I feel that I never was a greater artist than now. When, while the lovely valley teems with vapour around me, and the meridian sun strikes the upper surface of the impenetrable foliage of my trees, and but a few stray gleams steal into the inner sanctuary, I throw myself down among the tall grass by the trickling stream; and, as I lie close to the earth, a thousand unknown plants are noticed by me: when I hear the buzz of the little world among the stalks, and grow familiar with the countless indescribable forms of the insects and flies, then I feel the presence of the Almighty, who formed us in his own image, and the breath of that universal love which bears and sustains us, as it floats around us in an eternity of bliss; and then, my friend, when darkness overspreads my eyes, and heaven and earth seem to dwell in my soul and absorb its power, like the form of a beloved mistress, then I often think with longing, Oh, would I could describe these conceptions, could impress upon paper all that is living so full and warm within me, that it might be the mirror of my soul, as my soul is the mirror of the infinite God! O my friend -- but it is too much for my strength -- I sink under the weight of the splendour of these visions! A wonderful serenity has taken possession of my entire soul, like these sweet mornings of spring which I enjoy with my whole heart. I am alone, and feel the charm of existence in this spot, which was created for the bliss of souls like mine. I am so happy, my dear friend, so absorbed in the exquisite sense of mere tranquil existence, that I neglect my talents. I should be incapable of drawing a single stroke at the present moment; and yet I feel that I never was a greater artist than now. When, while the lovely valley teems with vapour around me, and the meridian sun strikes the upper surface of the impenetrable foliage of my trees, and but a few stray gleams steal into the inner sanctuary, I throw myself down among the tall grass by the trickling stream; and, as I lie close to the earth, a thousand unknown plants are noticed by me: when I hear the buzz of the little world among the stalks, and grow familiar with the countless indescribable forms of the insects and flies, then I feel the presence of the Almighty, who formed us in his own image, and the breath of that universal love which bears and sustains us, as it floats around us in an eternity of bliss; and then, my friend, when darkness overspreads my eyes, and heaven and earth seem to dwell in my soul and absorb its power, like the form of a beloved mistress, then I often think with longing, Oh, would I could describe these conceptions, could impress upon paper all that is living so full and warm within me, that it might be the mirror of my soul, as my soul is the mirror of the infinite God! O my friend -- but it is too much for my strength -- I sink under the weight of the splendour of these visions! A wonderful serenity has taken possession of my entire soul, like these sweet mornings of spring which I enjoy with my whole heart. I am alone, and feel the charm of existence in this spot, which was created for the bliss of souls like mine. I am so happy, my dear friend, so absorbed in the exquisite sense of mere tranquil existence, that I neglect my talents. I should be incapable of drawing a single stroke at the present moment; and yet I feel that I never was a greater artist than now. When, while the lovely valley teems with vapour around me, and the meridian sun strikes the upper surface of the impenetrable foliage of my trees, and but a few stray gleams steal into the inner sanctuary, I throw myself down among the tall grass by the trickling stream; and, as I lie close to the earth, a thousand unknown plants are noticed by me: when I hear the buzz of the little world among the stalks, and grow familiar with the countless indescribable forms of the insects and flies, then I feel the presence of the Almighty, who formed us in his own image, and the breath of that universal love which bears and sustains us, as it floats around us in an eternity of bliss; and then, my friend, when darkness overspreads my eyes, and heaven and earth seem to dwell in my soul and absorb its power, like the form of a beloved mistress, then I often think with longing, Oh, would I could describe these conceptions, could impress upon paper all that is living so full and warm within me, that it might be the mirror of my soul, as my soul is the mirror of the infinite God! O my friend -- but it is too much for my strength -- I sink under the weight of the splendour of these visions! A wonderful serenity has taken possession of my entire soul, like these sweet mornings of spring which I enjoy with my whole heart. I am alone, and feel the charm of <span class=\"marker\">existence in this spot, which was created for the bliss of souls like mine. I am so happy, my dear friend, so absorbed in the exquisite sense of mere tranquil existence, that I neglect my talents. I should be incapable of drawing a single stroke at the present moment; and yet </span>I feel that I never was a greater artist than now.</span></p>\r\n",
            "slug": "galileo",
            "categories": [3, 4, 5, 6]
        }
    },
    {
        "pk": 6,
        "model": "website.post",
        "fields": {
            "status": "Published",
            "title": "Dostoevsky",
            "modified_at": "2014-10-21T23:31:27.202Z",
            "short_content": "Nullam accumsan lorem in dui. Cras ultricies mi eu turpis hendrerit fringilla. Vestibulum ante ipsum primis in faucibus orci luctus et ultrices posuere cubilia Curae.",
            "added_at": "2014-10-21T21:29:18.050Z",
            "related_slider": 2,
            "featured_image": "website/post/dostoevsky.jpg",
            "full_content": "<p>A wonderful serenity has taken possession of my entire soul, like these sweet mornings of spring which I enjoy with my whole heart. I am alone, and feel the charm of existence in this spot, which was created for the bliss of souls like mine. I am so happy, my dear friend, so absorbed in the exquisite sense of mere tranquil existence, that I neglect my talents. I should be incapable of drawing a single stroke at the present moment; and yet I feel that I never was a greater artist than now. When, while the lovely valley teems with vapour around me, and the meridian sun strikes the upper surface of the impenetrable foliage of my trees, and but a few stray gleams steal into the inner sanctuary, I throw myself down among the tall grass by the trickling stream; and, as I lie close to the earth, a thousand unknown plants are noticed by me: when I hear the buzz of the little world among the stalks, and grow familiar with the countless indescribable forms of the insects and flies, then I feel the presence of the Almighty, who formed us in his own image, and the breath of that universal love which bears and sustains us, as it floats around us in an eternity of bliss; and then, my friend, when darkness overspreads my eyes, and heaven and earth seem to dwell in my soul and absorb its power, like the form of a beloved mistress, then I often think with longing, Oh, would I could describe these conceptions, could impress upon paper all that is living so full and warm within me, that it might be the mirror of my soul, as my soul is the mirror of the infinite God! O my friend -- but it is too much for my strength -- I sink under the weight of the splendour of these visions! A wonderful serenity has taken possession of my entire soul, like these sweet mornings of spring which I enjoy with my whole heart. I am alone, and feel the charm of existence in this spot, which was created for the bliss of souls like mine. I am so happy, my dear friend, so absorbed in the exquisite sense of mere tranquil existence, that I neglect my talents. I should be incapable of drawing a single stroke at the present moment; and yet I feel that I never was a greater artist than now. When, while the lovely valley teems with vapour around me, and the meridian sun strikes the upper surface of the impenetrable foliage of my trees, and but a few stray gleams steal into the inner sanctuary, I throw myself down among the tall grass by the trickling stream; and, as I lie close to the earth, a thousand unknown plants are noticed by me: when I hear the buzz of the little world among the stalks, and grow familiar with the countless indescribable forms of the insects and flies, then I feel the presence of the Almighty, who formed us in his own image, and the breath of that universal love which bears and sustains us, as it floats around us in an eternity of bliss; and then, my friend, when darkness overspreads my eyes, and heaven and earth seem to dwell in my soul and absorb its power, like the form of a beloved mistress, then I often think with longing, Oh, would I could describe these conceptions, could impress upon paper all that is living so full and warm within me, that it might be the mirror of my soul, as my soul is the mirror of the infinite God! O my friend -- but it is too much for my strength -- I sink under the weight of the splendour of these visions! A wonderful serenity has taken possession of my entire soul, like these sweet mornings of spring which I enjoy with my whole heart. I am alone, and feel the charm of existence in this spot, which was created for the bliss of souls like mine. I am so happy, my dear friend, so absorbed in the exquisite sense of mere tranquil existence, that I neglect my talents. I should be incapable of drawing a single stroke at the present moment; and yet I feel that I never was a greater artist than now. When, while the lovely valley teems with vapour around me, and the meridian sun strikes the upper surface of the impenetrable foliage of my trees, and but a few stray gleams steal into the inner sanctuary, I throw myself down among the tall grass by the trickling stream; and, as I lie close to the earth, a thousand unknown plants are noticed by me: when I hear the buzz of the little world among the stalks, and grow familiar with the countless indescribable forms of the insects and flies, then I feel the presence of the Almighty, who formed us in his own image, and the breath of that universal love which bears and sustains us, as it floats around us in an eternity of bliss; and then, my friend, when darkness overspreads my eyes, and heaven and earth seem to dwell in my soul and absorb its power, like the form of a beloved mistress, then I often think with longing, Oh, would I could describe these conceptions, could impress upon paper all that is living so full and warm within me, that it might be the mirror of my soul, as my soul is the mirror of the infinite God! O my friend -- but it is too much for my strength -- I sink under the weight of the splendour of these visions! A wonderful serenity has taken possession of my entire soul, like these sweet mornings of spring which I enjoy with my whole heart. I am alone, and feel the charm of existence in this spot, which was created for the bliss of souls like mine. I am so happy, my dear friend, so absorbed in the exquisite sense of mere tranquil existence, that I neglect my talents. I should be incapable of drawing a single stroke at the present moment; and yet I feel that I never was a greater artist than now. When, while the lovely valley teems with vapour around me, and the meridian sun strikes the upper surface of the impenetrable foliage of my trees, and but a few stray gleams steal into the inner sanctuary, I throw myself down among the tall grass by the trickling stream; and, as I lie close to the earth, a thousand unknown plants are noticed by me: when I hear the buzz of the little world among the stalks, and grow familiar with the countless indescribable forms of the insects and flies, then I feel the presence of the Almighty, who formed us in his own image, and the breath of that universal love which bears and sustains us, as it floats around us in an eternity of bliss; and then, my friend, when darkness overspreads my eyes, and heaven and earth seem to dwell in my soul and absorb its power, like the form of a beloved mistress, then I often think with longing, Oh, would I could describe these conceptions, could impress upon paper all that is living so full and warm within me, that it might be the mirror of my soul, as my soul is the mirror of the infinite God! O my friend -- but it is too much for my strength -- I sink under the weight of the splendour of these visions! A wonderful serenity has taken possession of my entire soul, like these sweet mornings of spring which I enjoy with my whole heart. I am alone, and feel the charm of existence in this spot, which was created for the bliss of souls like mine. I am so happy, my dear friend, so absorbed in the exquisite sense of mere tranquil existence, that I neglect my talents. I should be incapable of drawing a single stroke at the present moment; and yet I feel that I never was a greater artist than now.</p>\r\n\r\n<p>When, while the lovely valley teems with vapour around me, and the meridian sun strikes the upper surface of the impenetrable foliage of my trees, and but a few stray gleams steal into the inner sanctuary, I throw myself down among the tall grass by the trickling stream; and, as I lie close to the earth, a thousand unknown plants are noticed by me: when I hear the buzz of the little world among the stalks, and grow familiar with the countless indescribable forms of the insects and flies, then I feel the presence of the Almighty, who formed us in his own image, and the breath of that universal love which bears and sustains us, as it floats around us in an eternity of bliss; and then, my friend, when darkness overspreads my eyes, and heaven and earth seem to dwell in my soul and absorb its power, like the form of a beloved mistress, then I often think with longing, Oh, would I could describe these conceptions, could impress upon paper all that is living so full and warm within me, that it might be the mirror of my soul, as my soul is the mirror of the infinite God! O my friend -- but it is too much for my strength -- I sink under the weight of the splendour of these visions! A wonderful serenity has taken possession of my entire soul, like these sweet mornings of spring which I enjoy with my whole heart. I am alone, and feel the charm of existence in this spot, which was created for the bliss of souls like mine. I am so happy, my dear friend, so absorbed in the exquisite sense of mere tranquil existence, that I neglect my talents. I should be incapable of drawing a single stroke at the present moment; and yet I feel that I never was a greater artist than now. When, while the lovely valley teems with vapour around me, and the meridian sun strikes the upper surface of the impenetrable foliage of my trees, and but a few stray gleams steal into the inner sanctuary, I throw myself down among the tall grass by the trickling stream; and, as I lie close to the earth, a thousand unknown plants are noticed by me: when I hear the buzz of the little world among the stalks, and grow familiar with the countless indescribable forms of the insects and flies, then I feel the presence of the Almighty, who formed us in his own image, and the breath of that universal love which bears and sustains us, as it floats around us in an eternity of bliss; and then, my friend, when darkness overspreads my eyes, and heaven and earth seem to dwell in my soul and absorb its power, like the form of a beloved mistress, then I often think with longing, Oh, would I could describe these conceptions, could impress upon paper all that is living so full and warm within me, that it might be the mirror of my soul, as my soul is the mirror of the infinite God! O my friend -- but it is too much for my strength -- I sink under the weight of the splendour of these visions! A wonderful serenity has taken possession of my entire soul, like these sweet mornings of spring which I enjoy with my whole heart. I am alone, and feel the charm of existence in this spot, which was created for the bliss of souls like mine. I am so happy, my dear friend, so absorbed in the exquisite sense of mere tranquil existence, that I neglect my talents. I should be incapable of drawing a single stroke at the present moment; and yet I feel that I never was a greater artist than now. When, while the lovely valley teems with vapour around me, and the meridian sun strikes the upper surface of the impenetrable foliage of my trees, and but a few stray gleams steal into the inner sanctuary, I throw myself down among the tall grass by the trickling stream; and, as I lie close to the earth, a thousand unknown plants are noticed by me: when I hear the buzz of the little world among the stalks, and grow familiar with the countless indescribable forms of the insects and flies, then I feel the presence of the Almighty, who formed us in his own image, and the breath of that universal love which bears and sustains us, as it floats around us in an eternity of bliss; and then, my friend, when darkness overspreads my eyes, and heaven and earth seem to dwell in my soul and absorb its power, like the form of a beloved mistress, then I often think with longing, Oh, would I could describe these conceptions, could impress upon paper all that is living so full and warm within me, that it might be the mirror of my soul, as my soul is the mirror of the infinite God! O my friend -- but it is too much for my strength -- I sink under the weight of the splendour of these visions! A wonderful serenity has taken possession of my entire soul, like these sweet mornings of spring which I enjoy with my whole heart. I am alone, and feel the charm of existence in this spot, which was created for the bliss of souls like mine. I am so happy, my dear friend, so absorbed in the exquisite sense of mere tranquil existence, that I neglect my talents. I should be incapable of drawing a single stroke at the present moment; and yet I feel that I never was a greater artist than now. When, while the lovely valley teems with vapour around me, and the meridian sun strikes the upper surface of the impenetrable foliage of my trees, and but a few stray gleams steal into the inner sanctuary, I throw myself down among the tall grass by the trickling stream; and, as I lie close to the earth, a thousand unknown plants are noticed by me: when I hear the buzz of the little world among the stalks, and grow familiar with the countless indescribable forms of the insects and flies, then I feel the presence of the Almighty, who formed us in his own image, and the breath of that universal love which bears and sustains us, as it floats around us in an eternity of bliss; and then, my friend, when darkness overspreads my eyes, and heaven and earth seem to dwell in my soul and absorb its power, like the form of a beloved mistress, then I often think with longing, Oh, would I could describe these conceptions, could impress upon paper all that is living so full and warm within me, that it might be the mirror of my soul, as my soul is the mirror of the infinite God! O my friend -- but it is too much for my strength -- I sink under the weight of the splendour of these visions! A wonderful serenity has taken possession of my entire soul, like these sweet mornings of spring which I enjoy with my whole heart. I am alone, and feel the charm of existence in this spot, which was created for the bliss of souls like mine. I am so happy, my dear friend, so absorbed in the exquisite sense of mere tranquil existence, that I neglect my talents. I should be incapable of drawing a single stroke at the present moment; and yet I feel that I never was a greater artist than now. When, while the lovely valley teems with vapour around me, and the meridian sun strikes the upper surface of the impenetrable foliage of my trees, and but a few stray gleams steal into the inner sanctuary, I throw myself down among the tall grass by the trickling stream; and, as I lie close to the earth, a thousand unknown plants are noticed by me: when I hear the buzz of the little world among the stalks, and grow familiar with the countless indescribable forms of the insects and flies, then I feel the presence of the Almighty, who formed us in his own image, and the breath of that universal love which bears and sustains us, as it floats around us in an eternity of bliss; and then, my friend, when darkness overspreads my eyes, and heaven and earth seem to dwell in my soul and absorb its power, like the form of a beloved mistress, then I often think with longing, Oh, would I could describe these conceptions, could impress upon paper all that is living so full and warm within me, that it might be the mirror of my soul, as my soul is the mirror of the infinite God!</p>\r\n\r\n<p>O my friend -- but it is too much for my strength -- I sink under the weight of the splendour of these visions! A wonderful serenity has taken possession of my entire soul, like these sweet mornings of spring which I enjoy with my whole heart. I am alone, and feel the charm of existence in this spot, which was created for the bliss of souls like mine. I am so happy, my dear friend, so absorbed in the exquisite sense of mere tranquil existence, that I neglect my talents. I should be incapable of drawing a single stroke at the present moment; and yet I feel that I never was a greater artist than now. When, while the lovely valley teems with vapour around me, and the meridian sun strikes the upper surface of the impenetrable foliage of my trees, and but a few stray gleams steal into the inner sanctuary, I throw myself down among the tall grass by the trickling stream; and, as I lie close to the earth, a thousand unknown plants are noticed by me: when I hear the buzz of the little world among the stalks, and grow familiar with the countless indescribable forms of the insects and flies, then I feel the presence of the Almighty, who formed us in his own image, and the breath of that universal love which bears and sustains us, as it floats around us in an eternity of bliss; and then, my friend, when darkness overspreads my eyes, and heaven and earth seem to dwell in my soul and absorb its power, like the form of a beloved mistress, then I often think with longing, Oh, would I could describe these conceptions, could impress upon paper all that is living so full and warm within me, that it might be the mirror of my soul, as my soul is the mirror of the infinite God! O my friend -- but it is too much for my strength -- I sink under the weight of the splendour of these visions! A wonderful serenity has taken possession of my entire soul, like these sweet mornings of spring which I enjoy with my whole heart. I am alone, and feel the charm of existence in this spot, which was created for the bliss of souls like mine. I am so happy, my dear friend, so absorbed in the exquisite sense of mere tranquil existence, that I neglect my talents. I should be incapable of drawing a single stroke at the present moment; and yet I feel that I never was a greater artist than now. When, while the lovely valley teems with vapour around me, and the meridian sun strikes the upper surface of the impenetrable foliage of my trees, and but a few stray gleams steal into the inner sanctuary, I throw myself down among the tall grass by the trickling stream; and, as I lie close to the earth, a thousand unknown plants are noticed by me: when I hear the buzz of the little world among the stalks, and grow familiar with the countless indescribable forms of the insects and flies, then I feel the presence of the Almighty, who formed us in his own image, and the breath of that universal love which bears and sustains us, as it floats around us in an eternity of bliss; and then, my friend, when darkness overspreads my eyes, and heaven and earth seem to dwell in my soul and absorb its power, like the form of a beloved mistress, then I often think with longing, Oh, would I could describe these conceptions, could impress upon paper all that is living so full and warm within me, that it might be the mirror of my soul, as my soul is the mirror of the infinite God! O my friend -- but it is too much for my strength -- I sink under the weight of the splendour of these visions! A wonderful serenity has taken possession of my entire soul, like these sweet mornings of spring which I enjoy with my whole heart. I am alone, and feel the charm of existence in this spot, which was created for the bliss of souls like mine. I am so happy, my dear friend, so absorbed in the exquisite sense of mere tranquil existence, that I neglect my talents. I should be incapable of drawing a single stroke at the present moment; and yet I feel that I never was a greater artist than now. When, while the lovely valley teems with vapour around me, and the meridian sun strikes the upper surface of the impenetrable foliage of my trees, and but a few stray gleams steal into the inner sanctuary, I throw myself down among the tall grass by the trickling stream; and, as I lie close to the earth, a thousand unknown plants are noticed by me: when I hear the buzz of the little world among the stalks, and grow familiar with the countless indescribable forms of the insects and flies, then I feel the presence of the Almighty, who formed us in his own image, and the breath of that universal love which bears and sustains us, as it floats around us in an eternity of bliss; and then, my friend, when darkness overspreads my eyes, and heaven and earth seem to dwell in my soul and absorb its power, like the form of a beloved mistress, then I often think with longing, Oh, would I could describe these conceptions, could impress upon paper all that is living so full and warm within me, that it might be the mirror of my soul, as my soul is the mirror of the infinite God! O my friend -- but it is too much for my strength -- I sink under the weight of the splendour of these visions! A wonderful serenity has taken possession of my entire soul, like these sweet mornings of spring which I enjoy with my whole heart. I am alone, and feel the charm of existence in this spot, which was created for the bliss of souls like mine. I am so happy, my dear friend, so absorbed in the exquisite sense of mere tranquil existence, that I neglect my talents. I should be incapable of drawing a single stroke at the present moment; and yet I feel that I never was a greater artist than now. When, while the lovely valley teems with vapour around me, and the meridian sun strikes the upper surface of the impenetrable foliage of my trees, and but a few stray gleams steal into the inner sanctuary, I throw myself down among the tall grass by the trickling stream; and, as I lie close to the earth, a thousand unknown plants are noticed by me: when I hear the buzz of the little world among the stalks, and grow familiar with the countless indescribable forms of the insects and flies, then I feel the presence of the Almighty, who formed us in his own image, and the breath of that universal love which bears and sustains us, as it floats around us in an eternity of bliss; and then, my friend, when darkness overspreads my eyes, and heaven and earth seem to dwell in my soul and absorb its power, like the form of a beloved mistress, then I often think with longing, Oh, would I could describe these conceptions, could impress upon paper all that is living so full and warm within me, that it might be the mirror of my soul, as my soul is the mirror of the infinite God! O my friend -- but it is too much for my strength -- I sink under the weight of the splendour of these visions! A wonderful serenity has taken possession of my entire soul, like these sweet mornings of spring which I enjoy with my whole heart. I am alone, and feel the charm of existence in this spot, which was created for the bliss of souls like mine. I am so happy, my dear friend, so absorbed in the exquisite sense of mere tranquil existence, that I neglect my talents. I should be incapable of drawing a single stroke at the present moment; and yet I feel that I never was a greater artist than now.</p>\r\n\r\n<p>When, while the lovely valley teems with vapour around me, and the meridian sun strikes the upper surface of the impenetrable foliage of my trees, and but a few stray gleams steal into the inner sanctuary, I throw myself down among the tall grass by the trickling stream; and, as I lie close to the earth, a thousand unknown plants are noticed by me: when I hear the buzz of the little world among the stalks, and grow familiar with the countless indescribable forms of the insects and flies, then I feel the presence of the Almighty, who formed us in his own image, and the breath of that universal love which bears and sustains us, as it floats around us in an eternity of bliss; and then, my friend, when darkness overspreads my eyes, and heaven and earth seem to dwell in my soul and absorb its power, like the form of a beloved mistress, then I often think with longing, Oh, would I could describe these conceptions, could impress upon paper all that is living so full and warm within me, that it might be the mirror of my soul, as my soul is the mirror of the infinite God! O my friend -- but it is too much for my strength -- I sink under the weight of the splendour of these visions! A wonderful serenity has taken possession of my entire soul, like these sweet mornings of spring which I enjoy with my whole heart. I am alone, and feel the charm of existence in this spot, which was created for the bliss of souls like mine. I am so happy, my dear friend, so absorbed in the exquisite sense of mere tranquil existence, that I neglect my talents. I should be incapable of drawing a single stroke at the present moment; and yet I feel that I never was a greater artist than now. When, while the lovely valley teems with vapour around me, and the meridian sun strikes the upper surface of the impenetrable foliage of my trees, and but a few stray gleams steal into the inner sanctuary, I throw myself down among the tall grass by the trickling stream; and, as I lie close to the earth, a thousand unknown plants are noticed by me: when I hear the buzz of the little world among the stalks, and grow familiar with the countless indescribable forms of the insects and flies, then I feel the presence of the Almighty, who formed us in his own image, and the breath of that universal love which bears and sustains us, as it floats around us in an eternity of bliss; and then, my friend, when darkness overspreads my eyes, and heaven and earth seem to dwell in my soul and absorb its power, like the form of a beloved mistress, then I often think with longing, Oh, would I could describe these conceptions, could impress upon paper all that is living so full and warm within me, that it might be the mirror of my soul, as my soul is the mirror of the infinite God! O my friend -- but it is too much for my strength -- I sink under the weight of the splendour of these visions! A wonderful serenity has taken possession of my entire soul, like these sweet mornings of spring which I enjoy with my whole heart. I am alone, and feel the charm of existence in this spot, which was created for the bliss of souls like mine. I am so happy, my dear friend, so absorbed in the exquisite sense of mere tranquil existence, that I neglect my talents. I should be incapable of drawing a single stroke at the present moment; and yet I feel that I never was a greater artist than now. When, while the lovely valley teems with vapour around me, and the meridian sun strikes the upper surface of the impenetrable foliage of my trees, and but a few stray gleams steal into the inner sanctuary, I throw myself down among the tall grass by the trickling stream; and, as I lie close to the earth, a thousand unknown plants are noticed by me: when I hear the buzz of the little world among the stalks, and grow familiar with the countless indescribable forms of the insects and flies, then I feel the presence of the Almighty, who formed us in his own image, and the breath of that universal love which bears and sustains us, as it floats around us in an eternity of bliss; and then, my friend, when darkness overspreads my eyes, and heaven and earth seem to dwell in my soul and absorb its power, like the form of a beloved mistress, then I often think with longing, Oh, would I could describe these conceptions, could impress upon paper all that is living so full and warm within me, that it might be the mirror of my soul, as my soul is the mirror of the infinite God! O my friend -- but it is too much for my strength -- I sink under the weight of the splendour of these visions! A wonderful serenity has taken possession of my entire soul, like these sweet mornings of spring which I enjoy with my whole heart. I am alone, and feel the charm of existence in this spot, which was created for the bliss of souls like mine. I am so happy, my dear friend, so absorbed in the exquisite sense of mere tranquil existence, that I neglect my talents. I should be incapable of drawing a single stroke at the present moment; and yet I feel that I never was a greater artist than now. When, while the lovely valley teems with vapour around me, and the meridian sun strikes the upper surface of the impenetrable foliage of my trees, and but a few stray gleams steal into the inner sanctuary, I throw myself down among the tall grass by the trickling stream; and, as I lie close to the earth, a thousand unknown plants are noticed by me: when I hear the buzz of the little world among the stalks, and grow familiar with the countless indescribable forms of the insects and flies, then I feel the presence of the Almighty, who formed us in his own image, and the breath of that universal love which bears and sustains us, as it floats around us in an eternity of bliss; and then, my friend, when darkness overspreads my eyes, and heaven and earth seem to dwell in my soul and absorb its power, like the form of a beloved mistress, then I often think with longing, Oh, would I could describe these conceptions, could impress upon paper all that is living so full and warm within me, that it might be the mirror of my soul, as my soul is the mirror of the infinite God! O my friend -- but it is too much for my strength -- I sink under the weight of the splendour of these visions! A wonderful serenity has taken possession of my entire soul, like these sweet mornings of spring which I enjoy with my whole heart. I am alone, and feel the charm of existence in this spot, which was created for the bliss of souls like mine. I am so happy, my dear friend, so absorbed in the exquisite sense of mere tranquil existence, that I neglect my talents. I should be incapable of drawing a single stroke at the present moment; and yet I feel that I never was a greater artist than now. When, while the lovely valley teems with vapour around me, and the meridian sun strikes the upper surface of the impenetrable foliage of my trees, and but a few stray gleams steal into the inner sanctuary, I throw myself down among the tall grass by the trickling stream; and, as I lie close to the earth, a thousand unknown plants are noticed by me: when I hear the buzz of the little world among the stalks, and grow familiar with the countless indescribable forms of the insects and flies, then I feel the presence of the Almighty, who formed us in his own image, and the breath of that universal love which bears and sustains us, as it floats around us in an eternity of bliss; and then, my friend, when darkness overspreads my eyes, and heaven and earth seem to dwell in my soul and absorb its power, like the form of a beloved mistress, then I often think with longing, Oh, would I could describe these conceptions, could impress upon paper all that is living so full and warm within me, that it might be the mirror of my soul, as my soul is the mirror of the infinite God! O my friend -- but it is too much for my strength -- I sink under the weight of the splendour of these visions!</p>\r\n\r\n<p><big><span class=\"marker\">A wonderful serenity has taken possession of my entire soul, like these sweet mornings of spring which I enjoy with my whole heart. I am alone, and feel the charm of existence in this spot, which was created for the bliss of souls like mine. I am so happy, my dear friend, so absorbed in the exquisite sense of mere tranquil existence, that I neglect my talents. I should be incapable of drawing a single stroke at the present moment; and yet I feel that I never was a greater artist than now. When, while the lovely valley teems with vapour around me, and the meridian sun strikes the upper surface of the impenetrable foliage of my trees, and but a few stray gleams steal into the inner sanctuary, I throw myself down among the tall grass by the trickling stream; and, as I lie close to the earth, a thousand unknown plants are noticed by me: when I hear the buzz of the little world among the stalks, and grow familiar with the countless indescribable forms of the insects and flies, then I feel the presence of the Almighty, who formed us in his own image, and the breath of that universal love which bears and sustains us, as it floats around us in an eternity of bliss; and then, my friend, when darkness overspreads my eyes, and heaven and earth seem to dwell in my soul and absorb its power, like the form of a beloved mistress, then I often think with longing, Oh, would I could describe these conceptions, could impress upon paper all that is living so full and warm within me, that it might be the mirror of my soul, as my soul is the mirror of the infinite God! O my friend -- but it is too much for my strength -- I sink under the weight of the splendour of these visions! A wonderful serenity has taken possession of my entire soul, like these sweet mornings of spring which I enjoy with my whole heart. I am alone, and feel the charm of existence in this spot, which was created for the bliss of souls like mine. I am so happy, my dear friend, so absorbed in the exquisite sense of mere tranquil existence, that I neglect my talents. I should be incapable of drawing a single stroke at the present moment; and yet I feel that I never was a greater artist than now. When, while the lovely valley teems with vapour around me, and the meridian sun strikes the upper surface of the impenetrable foliage of my trees, and but a few stray gleams steal into the inner sanctuary, I throw myself down among the tall grass by the trickling stream; and, as I lie close to the earth, a thousand unknown plants are noticed by me: when I hear the buzz of the little world among the stalks, and grow familiar with the countless indescribable forms of the insects and flies, then I feel the presence of the Almighty, who formed us in his own image, and the breath of that universal love which bears and sustains us, as it floats around us in an eternity of bliss; and then, my friend, when darkness overspreads my eyes, and heaven and earth seem to dwell in my soul and absorb its power, like the form of a beloved mistress, then I often think with longing, Oh, would I could describe these conceptions, could impress upon paper all that is living so full and warm within me, that it might be the mirror of my soul, as my soul is the mirror of the infinite God! O my friend -- but it is too much for my strength -- I sink under the weight of the splendour of these visions! A wonderful serenity has taken possession of my entire soul, like these sweet mornings of spring which I enjoy with my whole heart. I am alone, and feel the charm of existence in this spot, which was created for the bliss of souls like mine. I am so happy, my dear friend, so absorbed in the exquisite sense of mere tranquil existence, that I neglect my talents. I should be incapable of drawing a single stroke at the present moment; and yet I feel that I never was a greater artist than now. When, while the lovely valley teems with vapour around me, and the meridian sun strikes the upper surface of the impenetrable foliage of my trees, and but a few stray gleams steal into the inner sanctuary, I throw myself down among the tall grass by the trickling stream; and, as I lie close to the earth, a thousand unknown plants are noticed by me: when I hear the buzz of the little world among the stalks, and grow familiar with the countless indescribable forms of the insects and flies, then I feel the presence of the Almighty, who formed us in his own image, and the breath of that universal love which bears and sustains us, as it floats around us in an eternity of bliss; and then, my friend, when darkness overspreads my eyes, and heaven and earth seem to dwell in my soul and absorb its power, like the form of a beloved mistress, then I often think with longing, Oh, would I could describe these conceptions, could impress upon paper all that is living so full and warm within me, that it might be the mirror of my soul, as my soul is the mirror of the infinite God! O my friend -- but it is too much for my strength -- I sink under the weight of the splendour of these visions! A wonderful serenity has taken possession of my entire soul, like these sweet mornings of spring which I enjoy with my whole heart. I am alone, and feel the charm of existence in this spot, which was created for the bliss of souls like mine. I am so happy, my dear friend, so absorbed in the exquisite sense of mere tranquil existence, that I neglect my talents. I should be incapable of drawing a single stroke at the present moment; and yet I feel that I never was a greater artist than now. When, while the lovely valley teems with vapour around me, and the meridian sun strikes the upper surface of the impenetrable foliage of my trees, and but a few stray gleams steal into the inner sanctuary, I throw myself down among the tall grass by the trickling stream; and, as I lie close to the earth, a thousand unknown plants are noticed by me: when I hear the buzz of the little world among the stalks, and grow familiar with the countless indescribable forms of the insects and flies, then I feel the presence of the Almighty, who formed us in his own image, and the breath of that universal love which bears and sustains us, as it floats around us in an eternity of bliss; and then, my friend, when darkness overspreads my eyes, and heaven and earth seem to dwell in my soul and absorb its power, like the form of a beloved mistress, then I often think with longing, Oh, would I could describe these conceptions, could impress upon paper all that is living so full and warm within me, that it might be the mirror of my soul, as my soul is the mirror of the infinite God! O my friend -- but it is too much for my strength -- I sink under the weight of the splendour of these visions! A wonderful serenity has taken possession of my entire soul, like these sweet mornings of spring which I enjoy with my whole heart. I am alone, and feel the charm of existence in this spot, which was created for the bliss of souls like mine. I am so happy, my dear friend, so absorbed in the exquisite sense of mere tranquil existence, that I neglect my talents. I should be incapable of drawing a single stroke at the present moment; and yet I feel that I never was a greater artist than now.</span></big></p>\r\n\r\n<p>When, while the lovely valley teems with vapour around me, and the meridian sun strikes the upper surface of the impenetrable foliage of my trees, and but a few stray gleams steal into the inner sanctuary, I throw myself down among the tall grass by the trickling stream; and, as I lie close to the earth, a thousand unknown plants are noticed by me: when I hear the buzz of the little world among the stalks, and grow familiar with the countless indescribable forms of the insects and flies, then I feel the presence of the Almighty, who formed us in his own image, and the breath of that universal love which bears and sustains us, as it floats around us in an eternity of bliss; and then, my friend, when darkness overspreads my eyes, and heaven and earth seem to dwell in my soul and absorb its power, like the form of a beloved mistress, then I often think with longing, Oh, would I could describe these conceptions, could impress upon paper all that is living so full and warm within me, that it might be the mirror of my soul, as my soul is the mirror of the infinite God! O my friend -- but it is too much for my strength -- I sink under the weight of the splendour of these visions! A wonderful serenity has taken possession of my entire soul, like these sweet mornings of spring which I enjoy with my whole heart. I am alone, and feel the charm of existence in this spot, which was created for the bliss of souls like mine. I am so happy, my dear friend, so absorbed in the exquisite sense of mere tranquil existence, that I neglect my talents. I should be incapable of drawing a single stroke at the present moment; and yet I feel that I never was a greater artist than now. When, while the lovely valley teems with vapour around me, and the meridian sun strikes the upper surface of the impenetrable foliage of my trees, and but a few stray gleams steal into the inner sanctuary, I throw myself down among the tall grass by the trickling stream; and, as I lie close to the earth, a thousand unknown plants are noticed by me: when I hear the buzz of the little world among the stalks, and grow familiar with the countless indescribable forms of the insects and flies, then I feel the presence of the Almighty, who formed us in his own image, and the breath of that universal love which bears and sustains us, as it floats around us in an eternity of bliss; and then, my friend, when darkness overspreads my eyes, and heaven and earth seem to dwell in my soul and absorb its power, like the form of a beloved mistress, then I often think with longing, Oh, would I could describe these conceptions, could impress upon paper all that is living so full and warm within me, that it might be the mirror of my soul, as my soul is the mirror of the infinite God! O my friend -- but it is too much for my strength -- I sink under the weight of the splendour of these visions! A wonderful serenity has taken possession of my entire soul, like these sweet mornings of spring which I enjoy with my whole heart. I am alone, and feel the charm of existence in this spot, which was created for the bliss of souls like mine. I am so happy, my dear friend, so absorbed in the exquisite sense of mere tranquil existence, that I neglect my talents. I should be incapable of drawing a single stroke at the present moment; and yet I feel that I never was a greater artist than now. When, while the lovely valley teems with vapour around me, and the meridian sun strikes the upper surface of the impenetrable foliage of my trees, and but a few stray gleams steal into the inner sanctuary, I throw myself down among the tall grass by the trickling stream; and, as I lie close to the earth, a thousand unknown plants are noticed by me: when I hear the buzz of the little world among the stalks, and grow familiar with the countless indescribable forms of the insects and flies, then I feel the presence of the Almighty, who formed us in his own image, and the breath of that universal love which bears and sustains us, as it floats around us in an eternity of bliss; and then, my friend, when darkness overspreads my eyes, and heaven and earth seem to dwell in my soul and absorb its power, like the form of a beloved mistress, then I often think with longing, Oh, would I could describe these conceptions, could impress upon paper all that is living so full and warm within me, that it might be the mirror of my soul, as my soul is the mirror of the infinite God! O my friend -- but it is too much for my strength -- I sink under the weight of the splendour of these visions! A wonderful serenity has taken possession of my entire soul, like these sweet mornings of spring which I enjoy with my whole heart. I am alone, and feel the charm of existence in this spot, which was created for the bliss of souls like mine. I am so happy, my dear friend, so absorbed in the exquisite sense of mere tranquil existence, that I neglect my talents. I should be incapable of drawing a single stroke at the present moment; and yet I feel that I never was a greater artist than now. When, while the lovely valley teems with vapour around me, and the meridian sun strikes the upper surface of the impenetrable foliage of my trees, and but a few stray gleams steal into the inner sanctuary, I throw myself down among the tall grass by the trickling stream; and, as I lie close to the earth, a thousand unknown plants are noticed by me: when I hear the buzz of the little world among the stalks, and grow familiar with the countless indescribable forms of the insects and flies, then I feel the presence of the Almighty, who formed us in his own image, and the breath of that universal love which bears and sustains us, as it floats around us in an eternity of bliss; and then, my friend, when darkness overspreads my eyes, and heaven and earth seem to dwell in my soul and absorb its power, like the form of a beloved mistress, then I often think with longing, Oh, would I could describe these conceptions, could impress upon paper all that is living so full and warm within me, that it might be the mirror of my soul, as my soul is the mirror of the infinite God! O my friend -- but it is too much for my strength -- I sink under the weight of the splendour of these visions! A wonderful serenity has taken possession of my entire soul, like these sweet mornings of spring which I enjoy with my whole heart. I am alone, and feel the charm of existence in this spot, which was created for the bliss of souls like mine. I am so happy, my dear friend, so absorbed in the exquisite sense of mere tranquil existence, that I neglect my talents. I should be incapable of drawing a single stroke at the present moment; and yet I feel that I never was a greater artist than now. When, while the lovely valley teems with vapour around me, and the meridian sun strikes the upper surface of the impenetrable foliage of my trees, and but a few stray gleams steal into the inner sanctuary, I throw myself down among the tall grass by the trickling stream; and, as I lie close to the earth, a thousand unknown plants are noticed by me: when I hear the buzz of the little world among the stalks, and grow familiar with the countless indescribable forms of the insects and flies, then I feel the presence of the Almighty, who formed us in his own image, and the breath of that universal love which bears and sustains us, as it floats around us in an eternity of bliss; and then, my friend, when darkness overspreads my eyes, and heaven and earth seem to dwell in my soul and absorb its power, like the form of a beloved mistress, then I often think with longing, Oh, would I could describe these conceptions, could impress upon paper all that is living so full and warm within me, that it might be the mirror of my soul, as my soul is the mirror of the infinite God! O my friend -- but it is too much for my strength -- I sink under the weight of the splendour of these visions! A wonderful serenity has taken possession of my entire soul, like these sweet mornings of spring which I enjoy with my whole heart. I am alone, and feel the charm of existence in this spot, which was created for the bliss of souls like mine. I am so happy, my dear friend, so absorbed in the exquisite sense of mere tranquil existence, that I neglect my talents. I should be incapable of drawing a single stroke at the present moment; and yet I feel that I never was a greater artist than now. When, while the lovely valley teems with vapour around me, and the meridian sun strikes the upper surface of the impenetrable foliage of my trees, and but a few stray gleams steal into the inner sanctuary, I throw myself down among the tall grass by the trickling stream; and, as I lie close to the earth, a thousand unknown plants are noticed by me: when I hear the buzz of the little world among the stalks, and grow familiar with the countless indescribable forms of the insects and flies, then I feel the presence of the Almighty, who formed us in his own image, and the breath of that universal love which bears and sustains us, as it floats around us in an eternity of bliss; and then, my friend, when darkness overspreads my eyes, and heaven and earth seem to dwell in my soul and absorb its power, like the form of a beloved mistress, then I often think with longing, Oh, would I could describe these conceptions, could impress upon paper all that is living so full and warm within me, that it might be the mirror of my soul, as my soul is the mirror of the infinite God! O my friend -- but it is too much for my strength -- I sink under the weight of the splendour of these visions! A wonderful serenity has taken possession of my entire soul, like these sweet mornings of spring which I enjoy with my whole heart. I am alone, and feel the charm of existence in this spot, which was created for the bliss of souls like mine. I am so happy, my dear friend, so absorbed in the exquisite sense of mere tranquil existence, that I neglect my talents. I should be incapable of drawing a single stroke at the present moment; and yet I feel that I never was a greater artist than now. When, while the lovely valley teems with vapour around me, and the meridian sun strikes the upper surface of the impenetrable foliage of my trees, and but a few stray gleams steal into the inner sanctuary, I throw myself down among the tall grass by the trickling stream; and, as I lie close to the earth, a thousand unknown plants are noticed by me: when I hear the buzz of the little world among the stalks, and grow familiar with the countless indescribable forms of the insects and flies, then I feel the presence of the Almighty, who formed us in his own image, and the breath of that universal love which bears and sustains us, as it floats around us in an eternity of bliss; and then, my friend, when darkness overspreads <q>my eyes, and heaven and earth seem to dwell in my soul and absorb its power, like the form of a beloved mistress, then I often think with longing, Oh, would I could describe these conceptions, could impress upon paper all that is living so full and warm within me, that it might be the mirror of my soul, as my soul is the mirror of the infinite God! O my friend -- but it is too much for my strength -- I sink under the weight of the splendour of these visions! A wonderful serenity has taken possession of my entire soul, like these sweet mornings of spring which I enjoy with my whole heart. I am alone, and feel the charm of existence in this spot, which was created for the bliss of souls like mine. I am so happy, my dear friend, so absorbed in the exquisite sense of mere tranquil existence, that I neglect my talents. I should be incapable of drawing a single stroke at the present moment; and yet </q>I feel that I never was a greater artist than now. When, while the lovely valley teems with vapour around me, and the meridian sun strikes the upper surface of the impenetrable foliage of my trees, and but a few stray gleams steal into the inner sanctuary, I throw myself down among the tall grass by the trickling stream; and, as I lie close to the earth, a thousand unknown plants are noticed by me: when I hear the buzz of the little world among the stalks, and grow familiar with the countless indescribable forms of the insects and flies, then I feel the presence of the Almighty, who formed us in his own image, and the breath of that universal love which bears and sustains us, as it floats around us in an eternity of bliss; and then, my friend, when darkness overspreads my eyes, and heaven and earth seem to dwell in my soul and absorb its power, like the form of a beloved mistress, then I often think with longing, Oh, would I could describe these conceptions, could impress upon paper all that is living so full and warm within me, that it might be the mirror of my soul, as my soul is the mirror of the infinite God! O my friend -- but it is too much for my strength -- I sink under the weight of the splendour of these visions! A wonderful serenity has taken possession of my entire soul, like these sweet mornings of spring which I enjoy with my whole heart. I am alone, and feel the charm of existence in this spot, which was created for the bliss of souls like mine. I am so happy, my dear friend, so absorbed in the exquisite sense of mere tranquil existence, that I neglect my talents. I should be incapable of drawing a single stroke at the present moment; and yet I feel that I never was a greater artist than now. When, while the lovely valley teems with vapour around me, and the meridian sun strikes the upper surface of the impenetrable foliage of my trees, and but a few stray gleams steal into the inner sanctuary, I throw myself down among the tall grass by the trickling stream; and, as I lie close to the earth, a thousand unknown plants are noticed by me: when I hear the buzz of the little world among the stalks, and grow familiar with the countless indescribable forms of the insects and flies, then I feel the presence of the Almighty, who formed us in his own image, and the breath of that universal love which bears and sustains us, as it floats around us in an eternity of bliss; and then, my friend, when darkness overspreads my eyes, and heaven and earth seem to dwell in my soul and absorb its power, like the form of a beloved mistress, then I often think with longing, Oh, would I could describe these conceptions, could impress upon paper all that is living so full and warm within me, that it might be the mirror of my soul, as my soul is the mirror of the infinite God! O my friend -- but it is too much for my strength -- I sink under the weight of the splendour of these visions! A wonderful serenity has taken possession of my entire soul, like these sweet mornings of spring which I enjoy with my whole heart. I am alone, and feel the charm of existence in this spot, which was created for the bliss of souls like mine. I am so happy, my dear friend, so absorbed in the exquisite sense of mere tranquil existence, that I neglect my talents. I should be incapable of drawing a single stroke at the present moment; and yet I feel that I never was a greater artist than now. When, while the lovely valley teems with vapour around me, and the meridian sun strikes the upper...</p>\r\n",
            "slug": "dostoevsky",
            "categories": [1, 2, 3, 4, 5, 6, 7, 8, 9]
        }
    },
    {
        "pk": 1,
        "model": "website.subscriber",
        "fields": {
            "modified_at": "2014-10-22T00:04:00.422Z",
            "name": "Lorem",
            "added_at": "2014-10-22T00:04:00.422Z",
            "email": "lorem@mail.com"
        }
    },
    {
        "pk": 1,
        "model": "website.contact",
        "fields": {
            "name": "Lorem",
            "modified_at": "2014-10-22T00:01:54.523Z",
            "added_at": "2014-10-22T00:01:54.523Z",
            "message": "Lorem ipsum dolor sit amet, consectetuer adipiscing elit. Aenean commodo ligula eget dolor. Aenean massa. Cum sociis natoque penatibus et magnis dis parturient montes, nascetur ridiculus mus. Donec quam felis, ultricies nec, pellentesque eu, pretium quis, sem. Nulla consequat massa quis enim.",
            "email": "lorem@mail.com",
            "subject": "Lorem"
        }
    },
    {
        "pk": 1,
        "model": "cart.currency",
        "fields": {
            "modified_at": "2014-10-21T20:17:22.427Z",
            "added_at": "2014-10-21T20:17:22.426Z",
            "title": "AZN"
        }
    },
    {
        "pk": 2,
        "model": "cart.currency",
        "fields": {
            "modified_at": "2014-10-21T20:17:27.053Z",
            "added_at": "2014-10-21T20:17:27.053Z",
            "title": "RUB"
        }
    },
    {
        "pk": 3,
        "model": "cart.currency",
        "fields": {
            "modified_at": "2014-10-21T20:17:30.967Z",
            "added_at": "2014-10-21T20:17:30.967Z",
            "title": "USD"
        }
    },
    {
        "pk": 4,
        "model": "cart.currency",
        "fields": {
            "modified_at": "2014-10-21T20:17:36.936Z",
            "added_at": "2014-10-21T20:17:36.936Z",
            "title": "EURO"
        }
    },
    {
        "pk": 1,
        "model": "cart.manufacturer",
        "fields": {
            "info": "",
            "title": "Apple",
            "image": "",
            "modified_at": "2014-10-21T20:17:52.562Z",
            "added_at": "2014-10-21T20:17:52.562Z",
            "slug": "apple"
        }
    },
    {
        "pk": 2,
        "model": "cart.manufacturer",
        "fields": {
            "info": "",
            "title": "Samsung",
            "image": "",
            "modified_at": "2014-10-21T20:18:00.853Z",
            "added_at": "2014-10-21T20:18:00.853Z",
            "slug": "samsung"
        }
    },
    {
        "pk": 1,
        "model": "cart.category",
        "fields": {
            "info": "",
            "modified_at": "2014-10-21T20:18:50.344Z",
            "slug": "",
            "added_at": "2014-10-21T20:18:50.344Z",
            "title": "Phones"
        }
    },
    {
        "pk": 2,
        "model": "cart.category",
        "fields": {
            "info": "",
            "modified_at": "2014-10-21T20:18:55.159Z",
            "slug": "",
            "added_at": "2014-10-21T20:18:55.159Z",
            "title": "Tablets"
        }
    },
    {
        "pk": 1,
        "model": "cart.attributegroup",
        "fields": {
            "modified_at": "2014-10-21T20:20:32.953Z",
            "added_at": "2014-10-21T20:20:32.953Z",
            "title": "Common"
        }
    },
    {
        "pk": 2,
        "model": "cart.attributegroup",
        "fields": {
            "modified_at": "2014-10-21T20:20:36.758Z",
            "added_at": "2014-10-21T20:20:36.758Z",
            "title": "Display"
        }
    },
    {
        "pk": 3,
        "model": "cart.attributegroup",
        "fields": {
            "modified_at": "2014-10-21T20:20:45.052Z",
            "added_at": "2014-10-21T20:20:45.052Z",
            "title": "Multimedia"
        }
    },
    {
        "pk": 1,
        "model": "cart.attribute",
        "fields": {
            "group": 1,
            "modified_at": "2014-10-21T20:20:57.071Z",
            "added_at": "2014-10-21T20:20:57.071Z",
            "title": "Standard"
        }
    },
    {
        "pk": 2,
        "model": "cart.attribute",
        "fields": {
            "group": 1,
            "modified_at": "2014-10-21T20:21:03.684Z",
            "added_at": "2014-10-21T20:21:03.684Z",
            "title": "Type"
        }
    },
    {
        "pk": 3,
        "model": "cart.attribute",
        "fields": {
            "group": 1,
            "modified_at": "2014-10-21T20:21:10.457Z",
            "added_at": "2014-10-21T20:21:10.457Z",
            "title": "LTE"
        }
    },
    {
        "pk": 4,
        "model": "cart.attribute",
        "fields": {
            "group": 2,
            "modified_at": "2014-10-21T20:21:20.855Z",
            "added_at": "2014-10-21T20:21:20.855Z",
            "title": "Resolution"
        }
    },
    {
        "pk": 5,
        "model": "cart.attribute",
        "fields": {
            "group": 2,
            "modified_at": "2014-10-21T20:21:42.324Z",
            "added_at": "2014-10-21T20:21:42.324Z",
            "title": "Type"
        }
    },
    {
        "pk": 6,
        "model": "cart.attribute",
        "fields": {
            "group": 2,
            "modified_at": "2014-10-21T20:21:47.124Z",
            "added_at": "2014-10-21T20:21:47.124Z",
            "title": "Touch"
        }
    },
    {
        "pk": 7,
        "model": "cart.attribute",
        "fields": {
            "group": 2,
            "modified_at": "2014-10-21T20:21:52.221Z",
            "added_at": "2014-10-21T20:21:52.221Z",
            "title": "Size"
        }
    },
    {
        "pk": 8,
        "model": "cart.attribute",
        "fields": {
            "group": 3,
            "modified_at": "2014-10-21T20:22:02.556Z",
            "added_at": "2014-10-21T20:22:02.556Z",
            "title": "Dictophone"
        }
    },
    {
        "pk": 9,
        "model": "cart.attribute",
        "fields": {
            "group": 3,
            "modified_at": "2014-10-21T20:22:15.373Z",
            "added_at": "2014-10-21T20:22:15.373Z",
            "title": "Microphone"
        }
    },
    {
        "pk": 10,
        "model": "cart.attribute",
        "fields": {
            "group": 3,
            "modified_at": "2014-10-21T20:22:25.182Z",
            "added_at": "2014-10-21T20:22:25.182Z",
            "title": "Camera"
        }
    },
    {
        "pk": 11,
        "model": "cart.attribute",
        "fields": {
            "group": 3,
            "modified_at": "2014-10-21T20:22:37.257Z",
            "added_at": "2014-10-21T20:22:37.257Z",
            "title": "Audio"
        }
    },
    {
        "pk": 12,
        "model": "cart.attribute",
        "fields": {
            "group": 3,
            "modified_at": "2014-10-21T20:22:41.590Z",
            "added_at": "2014-10-21T20:22:41.590Z",
            "title": "GPS"
        }
    },
    {
        "pk": 1,
        "model": "cart.product",
        "fields": {
            "category": 1,
            "info": "<p>One morning, when Gregor Samsa woke from troubled dreams, he found himself transformed in his bed into a horrible vermin. He lay on his armour-like back, and if he lifted his head a little he could see his brown belly, slightly domed and divided by arches into stiff sections.</p>\r\n",
            "weight": "120gm",
            "modified_at": "2014-10-21T20:47:54.940Z",
            "image": "cart/product/iphone4.png",
            "is_active": true,
            "added_at": "2014-10-21T20:26:33.380Z",
            "video_code": "",
            "model": "iPhone 4",
            "size": "10x12x14",
            "manufacturer": 1
        }
    },
    {
        "pk": 2,
        "model": "cart.product",
        "fields": {
            "category": 1,
            "info": "<p>One morning, when Gregor Samsa woke from troubled dreams, he found himself transformed in his bed into a horrible vermin. He lay on his armour-like back, and if he lifted his head a little he could see his brown belly, slightly domed and divided by arches into stiff sections.</p>\r\n",
            "weight": "120gm",
            "modified_at": "2014-10-21T20:47:50.997Z",
            "image": "cart/product/iphone4s.jpg",
            "is_active": true,
            "added_at": "2014-10-21T20:28:41.545Z",
            "video_code": "",
            "model": "iPhone 4S",
            "size": "10x12x14",
            "manufacturer": 1
        }
    },
    {
        "pk": 3,
        "model": "cart.product",
        "fields": {
            "category": 1,
            "info": "<p>One morning, when Gregor Samsa woke from troubled dreams, he found himself transformed in his bed into a horrible vermin. He lay on his armour-like back, and if he lifted his head a little he could see his brown belly, slightly domed and divided by arches into stiff sections.</p>\r\n",
            "weight": "120gm",
            "modified_at": "2014-10-21T20:47:46.424Z",
            "image": "cart/product/iphone5.png",
            "is_active": true,
            "added_at": "2014-10-21T20:30:42.011Z",
            "video_code": "<iframe width=\"640\" height=\"360\" src=\"//www.youtube.com/embed/u5X5cV-4LRo?rel=0&amp;showinfo=0\" frameborder=\"0\" allowfullscreen></iframe>",
            "model": "iPhone 5",
            "size": "10x12x14",
            "manufacturer": 1
        }
    },
    {
        "pk": 4,
        "model": "cart.product",
        "fields": {
            "category": 1,
            "info": "<p>One morning, when Gregor Samsa woke from troubled dreams, he found himself transformed in his bed into a horrible vermin. He lay on his armour-like back, and if he lifted his head a little he could see his brown belly, slightly domed and divided by arches into stiff sections.</p>\r\n",
            "weight": "120gm",
            "modified_at": "2014-10-21T20:47:40.570Z",
            "image": "cart/product/iphone6.png",
            "is_active": true,
            "added_at": "2014-10-21T20:32:24.463Z",
            "video_code": "<iframe width=\"640\" height=\"360\" src=\"//www.youtube.com/embed/FglqN1jd1tM?rel=0&amp;showinfo=0\" frameborder=\"0\" allowfullscreen></iframe>",
            "model": "iPhone 6",
            "size": "10x12x14",
            "manufacturer": 1
        }
    },
    {
        "pk": 5,
        "model": "cart.product",
        "fields": {
            "category": 1,
            "info": "<p>One morning, when Gregor Samsa woke from troubled dreams, he found himself transformed in his bed into a horrible vermin. He lay on his armour-like back, and if he lifted his head a little he could see his brown belly, slightly domed and divided by arches into stiff sections.</p>\r\n",
            "weight": "120gm",
            "modified_at": "2014-10-21T20:47:30.761Z",
            "image": "cart/product/galaxys3.png",
            "is_active": true,
            "added_at": "2014-10-21T20:34:10.871Z",
            "video_code": "",
            "model": "Galaxy S3",
            "size": "10x12x14",
            "manufacturer": 2
        }
    },
    {
        "pk": 6,
        "model": "cart.product",
        "fields": {
            "category": 1,
            "info": "<p>One morning, when Gregor Samsa woke from troubled dreams, he found himself transformed in his bed into a horrible vermin. He lay on his armour-like back, and if he lifted his head a little he could see his brown belly, slightly domed and divided by arches into stiff sections.</p>\r\n",
            "weight": "120gm",
            "modified_at": "2014-10-21T20:47:27.858Z",
            "image": "cart/product/galaxys4.png",
            "is_active": true,
            "added_at": "2014-10-21T20:35:57.396Z",
            "video_code": "<iframe width=\"640\" height=\"360\" src=\"//www.youtube.com/embed/m-p38Gd_Dls?rel=0&amp;showinfo=0\" frameborder=\"0\" allowfullscreen></iframe>",
            "model": "Galaxy S4",
            "size": "10x12x14",
            "manufacturer": 2
        }
    },
    {
        "pk": 1,
        "model": "cart.productreview",
        "fields": {
            "comment": "Far far away, behind the word mountains, far from the countries Vokalia and Consonantia, there live the blind texts. Separated they live in Bookmarksgrove right at the coast of the Semantics, a large language ocean. A small river named Duden flows by their place and supplies it with the necessary regelialia. It is a paradisematic country, in which roasted parts of sentences fly into your mouth.",
            "rating": 4,
            "product": 2,
            "is_approved": true,
            "modified_at": "2014-10-21T20:42:25.849Z",
            "added_at": "2014-10-21T20:42:25.849Z",
            "user": 0
        }
    },
    {
        "pk": 2,
        "model": "cart.productreview",
        "fields": {
            "comment": "Even the all-powerful Pointing has no control about the blind texts it is an almost unorthographic life One day however a small line of blind text by the name of Lorem Ipsum decided to leave for the far World of Grammar. The Big Oxmox advised her not to do so, because there were thousands of bad Commas, wild Question Marks and devious Semikoli, but the Little Blind Text didn\u2019t listen. She packed her seven versalia, put her initial into the belt and made herself on the way.",
            "rating": 5,
            "product": 2,
            "is_approved": true,
            "modified_at": "2014-10-21T20:42:41.710Z",
            "added_at": "2014-10-21T20:42:41.710Z",
            "user": 0
        }
    },
    {
        "pk": 3,
        "model": "cart.productreview",
        "fields": {
            "comment": "When she reached the first hills of the Italic Mountains, she had a last view back on the skyline of her hometown Bookmarksgrove, the headline of Alphabet Village and the subline of her own road, the Line Lane. Pityful a rethoric question ran over her cheek, then she continued her way. On her way she met a copy.",
            "rating": 1,
            "product": 2,
            "is_approved": true,
            "modified_at": "2014-10-21T20:42:54.152Z",
            "added_at": "2014-10-21T20:42:54.152Z",
            "user": 0
        }
    },
    {
        "pk": 4,
        "model": "cart.productreview",
        "fields": {
            "comment": "When she reached the first hills of the Italic Mountains, she had a last view back on the skyline of her hometown Bookmarksgrove, the headline of Alphabet Village and the subline of her own road, the Line Lane. Pityful a rethoric question ran over her cheek, then she continued her way. On her way she met a copy.",
            "rating": 5,
            "product": 2,
            "is_approved": true,
            "modified_at": "2014-10-21T20:43:10.665Z",
            "added_at": "2014-10-21T20:43:10.665Z",
            "user": 0
        }
    },
    {
        "pk": 5,
        "model": "cart.productreview",
        "fields": {
            "comment": "Far far away, behind the word mountains, far from the countries Vokalia and Consonantia, there live the blind texts. Separated they live in Bookmarksgrove right at the coast of the Semantics, a large language ocean. A small river named Duden flows by their place and supplies it with the necessary regelialia. It is a paradisematic country, in which roasted parts of sentences fly into your mouth.",
            "rating": 5,
            "product": 4,
            "is_approved": true,
            "modified_at": "2014-10-21T20:43:28.854Z",
            "added_at": "2014-10-21T20:43:28.854Z",
            "user": 0
        }
    },
    {
        "pk": 6,
        "model": "cart.productreview",
        "fields": {
            "comment": "Even the all-powerful Pointing has no control about the blind texts it is an almost unorthographic life One day however a small line of blind text by the name of Lorem Ipsum decided to leave for the far World of Grammar. The Big Oxmox advised her not to do so, because there were thousands of bad Commas, wild Question Marks and devious Semikoli, but the Little Blind Text didn\u2019t listen. She packed her seven versalia, put her initial into the belt and made herself on the way.",
            "rating": 5,
            "product": 4,
            "is_approved": true,
            "modified_at": "2014-10-21T20:43:41.871Z",
            "added_at": "2014-10-21T20:43:41.871Z",
            "user": 0
        }
    },
    {
        "pk": 7,
        "model": "cart.productreview",
        "fields": {
            "comment": "When she reached the first hills of the Italic Mountains, she had a last view back on the skyline of her hometown Bookmarksgrove, the headline of Alphabet Village and the subline of her own road, the Line Lane. Pityful a rethoric question ran over her cheek, then she continued her way. On her way she met a copy. The copy warned the Little Blind Text, that where it came from it would have been rewritten a thousand times and everything that was left from its origin would be the word \"and\" and the Little Blind Text should turn around and return to its own, safe country.",
            "rating": 1,
            "product": 4,
            "is_approved": true,
            "modified_at": "2014-10-21T20:44:48.179Z",
            "added_at": "2014-10-21T20:43:54.357Z",
            "user": 0
        }
    },
    {
        "pk": 8,
        "model": "cart.productreview",
        "fields": {
            "comment": "But nothing the copy said could convince her and so it didn\u2019t take long until a few insidious Copy Writers ambushed her, made her drunk with Longe and Parole and dragged her into their agency, where they abused her for their projects again and again. And if she hasn\u2019t been rewritten, then they are still using her. Far far away, behind the word mountains, far from the countries Vokalia and Consonantia, there live the blind texts. Separated they live in Bookmarksgrove right at the coast of the Semantics, a large language ocean. A small river named Duden flows by their place and supplies it with the necessary regelialia.",
            "rating": 4,
            "product": 6,
            "is_approved": true,
            "modified_at": "2014-10-21T20:44:06.748Z",
            "added_at": "2014-10-21T20:44:06.748Z",
            "user": 0
        }
    },
    {
        "pk": 9,
        "model": "cart.productreview",
        "fields": {
            "comment": "It is a paradisematic country, in which roasted parts of sentences fly into your mouth. Even the all-powerful Pointing has no control about the blind texts it is an almost unorthographic life One day however a small line of blind text by the name of Lorem Ipsum decided to leave for the far World of Grammar. The Big Oxmox advised her not to do so, because there were thousands of bad Commas, wild Question Marks and devious Semikoli, but the Little Blind Text didn\u2019t listen. She packed her seven versalia, put her initial into the belt and made herself on the way.",
            "rating": 2,
            "product": 6,
            "is_approved": true,
            "modified_at": "2014-10-21T20:44:18.172Z",
            "added_at": "2014-10-21T20:44:18.172Z",
            "user": 0
        }
    },
    {
        "pk": 10,
        "model": "cart.productreview",
        "fields": {
            "comment": "When she reached the first hills of the Italic Mountains, she had a last view back on the skyline of her hometown Bookmarksgrove, the headline of Alphabet Village and the subline of her own road, the Line Lane.",
            "rating": 4,
            "product": 5,
            "is_approved": true,
            "modified_at": "2014-10-21T20:44:41.301Z",
            "added_at": "2014-10-21T20:44:41.301Z",
            "user": 0
        }
    },
    {
        "pk": 11,
        "model": "cart.productreview",
        "fields": {
            "comment": "It is very good phone.",
            "rating": 4,
            "product": 6,
            "is_approved": true,
            "modified_at": "2014-10-21T22:12:14.259Z",
            "added_at": "2014-10-21T22:11:52.526Z",
            "user": 0
        }
    },
    {
        "pk": 12,
        "model": "cart.productreview",
        "fields": {
            "comment": "Aenean leo ligula, porttitor eu, consequat vitae, eleifend ac, enim. Aliquam lorem ante, dapibus in, viverra quis, feugiat a, tellus. Phasellus viverra nulla ut metus varius laoreet. Quisque rutrum. Aenean imperdiet. Etiam ultricies nisi vel augue. Curabitur ullamcorper ultricies nisi. Nam eget dui.",
            "rating": 4,
            "product": 3,
            "is_approved": true,
            "modified_at": "2014-10-21T23:39:16.356Z",
            "added_at": "2014-10-21T23:39:16.356Z",
            "user": 0
        }
    },
    {
        "pk": 13,
        "model": "cart.productreview",
        "fields": {
            "comment": "Etiam rhoncus. Maecenas tempus, tellus eget condimentum rhoncus, sem quam semper libero, sit amet adipiscing sem neque sed ipsum. Nam quam nunc, blandit vel, luctus pulvinar, hendrerit id, lorem. Maecenas nec odio et ante tincidunt tempus. Donec vitae sapien ut libero venenatis faucibus. Nullam quis ante.",
            "rating": 2,
            "product": 3,
            "is_approved": true,
            "modified_at": "2014-10-21T23:40:44.872Z",
            "added_at": "2014-10-21T23:40:44.872Z",
            "user": 0
        }
    },
    {
        "pk": 1,
        "model": "cart.productattribute",
        "fields": {
            "attribute": 1,
            "product": 1,
            "modified_at": "2014-10-21T20:26:33.382Z",
            "value": "Lore",
            "added_at": "2014-10-21T20:26:33.382Z"
        }
    },
    {
        "pk": 2,
        "model": "cart.productattribute",
        "fields": {
            "attribute": 2,
            "product": 1,
            "modified_at": "2014-10-21T20:26:33.383Z",
            "value": "Ipsum",
            "added_at": "2014-10-21T20:26:33.383Z"
        }
    },
    {
        "pk": 3,
        "model": "cart.productattribute",
        "fields": {
            "attribute": 3,
            "product": 1,
            "modified_at": "2014-10-21T20:26:33.383Z",
            "value": "Dolor",
            "added_at": "2014-10-21T20:26:33.383Z"
        }
    },
    {
        "pk": 4,
        "model": "cart.productattribute",
        "fields": {
            "attribute": 4,
            "product": 1,
            "modified_at": "2014-10-21T20:26:33.383Z",
            "value": "Sit",
            "added_at": "2014-10-21T20:26:33.383Z"
        }
    },
    {
        "pk": 5,
        "model": "cart.productattribute",
        "fields": {
            "attribute": 5,
            "product": 1,
            "modified_at": "2014-10-21T20:26:33.384Z",
            "value": "Amet",
            "added_at": "2014-10-21T20:26:33.384Z"
        }
    },
    {
        "pk": 6,
        "model": "cart.productattribute",
        "fields": {
            "attribute": 6,
            "product": 1,
            "modified_at": "2014-10-21T20:26:33.384Z",
            "value": "Consectetuer",
            "added_at": "2014-10-21T20:26:33.384Z"
        }
    },
    {
        "pk": 7,
        "model": "cart.productattribute",
        "fields": {
            "attribute": 7,
            "product": 1,
            "modified_at": "2014-10-21T20:26:33.385Z",
            "value": "Adipiscing",
            "added_at": "2014-10-21T20:26:33.385Z"
        }
    },
    {
        "pk": 8,
        "model": "cart.productattribute",
        "fields": {
            "attribute": 8,
            "product": 1,
            "modified_at": "2014-10-21T20:26:33.385Z",
            "value": "Elit",
            "added_at": "2014-10-21T20:26:33.385Z"
        }
    },
    {
        "pk": 9,
        "model": "cart.productattribute",
        "fields": {
            "attribute": 9,
            "product": 1,
            "modified_at": "2014-10-21T20:26:33.386Z",
            "value": "Aenean",
            "added_at": "2014-10-21T20:26:33.386Z"
        }
    },
    {
        "pk": 10,
        "model": "cart.productattribute",
        "fields": {
            "attribute": 10,
            "product": 1,
            "modified_at": "2014-10-21T20:26:33.386Z",
            "value": "Commodo",
            "added_at": "2014-10-21T20:26:33.386Z"
        }
    },
    {
        "pk": 11,
        "model": "cart.productattribute",
        "fields": {
            "attribute": 2,
            "product": 2,
            "modified_at": "2014-10-21T20:28:41.548Z",
            "value": "Lorem",
            "added_at": "2014-10-21T20:28:41.548Z"
        }
    },
    {
        "pk": 12,
        "model": "cart.productattribute",
        "fields": {
            "attribute": 3,
            "product": 2,
            "modified_at": "2014-10-21T20:28:41.549Z",
            "value": "Ipsum",
            "added_at": "2014-10-21T20:28:41.549Z"
        }
    },
    {
        "pk": 13,
        "model": "cart.productattribute",
        "fields": {
            "attribute": 4,
            "product": 2,
            "modified_at": "2014-10-21T20:28:41.550Z",
            "value": "Dolor",
            "added_at": "2014-10-21T20:28:41.550Z"
        }
    },
    {
        "pk": 14,
        "model": "cart.productattribute",
        "fields": {
            "attribute": 5,
            "product": 2,
            "modified_at": "2014-10-21T20:28:41.550Z",
            "value": "Sit",
            "added_at": "2014-10-21T20:28:41.550Z"
        }
    },
    {
        "pk": 15,
        "model": "cart.productattribute",
        "fields": {
            "attribute": 6,
            "product": 2,
            "modified_at": "2014-10-21T20:28:41.551Z",
            "value": "Amet",
            "added_at": "2014-10-21T20:28:41.551Z"
        }
    },
    {
        "pk": 16,
        "model": "cart.productattribute",
        "fields": {
            "attribute": 7,
            "product": 2,
            "modified_at": "2014-10-21T20:28:41.551Z",
            "value": "Consectetuer",
            "added_at": "2014-10-21T20:28:41.551Z"
        }
    },
    {
        "pk": 17,
        "model": "cart.productattribute",
        "fields": {
            "attribute": 8,
            "product": 2,
            "modified_at": "2014-10-21T20:28:41.552Z",
            "value": "Adipiscing",
            "added_at": "2014-10-21T20:28:41.552Z"
        }
    },
    {
        "pk": 18,
        "model": "cart.productattribute",
        "fields": {
            "attribute": 9,
            "product": 2,
            "modified_at": "2014-10-21T20:28:41.552Z",
            "value": "Elit",
            "added_at": "2014-10-21T20:28:41.552Z"
        }
    },
    {
        "pk": 19,
        "model": "cart.productattribute",
        "fields": {
            "attribute": 10,
            "product": 2,
            "modified_at": "2014-10-21T20:28:41.553Z",
            "value": "Aenean",
            "added_at": "2014-10-21T20:28:41.553Z"
        }
    },
    {
        "pk": 20,
        "model": "cart.productattribute",
        "fields": {
            "attribute": 11,
            "product": 2,
            "modified_at": "2014-10-21T20:28:41.553Z",
            "value": "Commodo",
            "added_at": "2014-10-21T20:28:41.553Z"
        }
    },
    {
        "pk": 21,
        "model": "cart.productattribute",
        "fields": {
            "attribute": 3,
            "product": 3,
            "modified_at": "2014-10-21T20:30:42.014Z",
            "value": "Lorem",
            "added_at": "2014-10-21T20:30:42.014Z"
        }
    },
    {
        "pk": 22,
        "model": "cart.productattribute",
        "fields": {
            "attribute": 4,
            "product": 3,
            "modified_at": "2014-10-21T20:30:42.014Z",
            "value": "Ipsum",
            "added_at": "2014-10-21T20:30:42.014Z"
        }
    },
    {
        "pk": 23,
        "model": "cart.productattribute",
        "fields": {
            "attribute": 5,
            "product": 3,
            "modified_at": "2014-10-21T20:30:42.015Z",
            "value": "Dolor",
            "added_at": "2014-10-21T20:30:42.015Z"
        }
    },
    {
        "pk": 24,
        "model": "cart.productattribute",
        "fields": {
            "attribute": 6,
            "product": 3,
            "modified_at": "2014-10-21T20:30:42.015Z",
            "value": "Sit",
            "added_at": "2014-10-21T20:30:42.015Z"
        }
    },
    {
        "pk": 25,
        "model": "cart.productattribute",
        "fields": {
            "attribute": 7,
            "product": 3,
            "modified_at": "2014-10-21T20:30:42.015Z",
            "value": "Amet",
            "added_at": "2014-10-21T20:30:42.015Z"
        }
    },
    {
        "pk": 26,
        "model": "cart.productattribute",
        "fields": {
            "attribute": 8,
            "product": 3,
            "modified_at": "2014-10-21T20:30:42.016Z",
            "value": "Consectetuer",
            "added_at": "2014-10-21T20:30:42.016Z"
        }
    },
    {
        "pk": 27,
        "model": "cart.productattribute",
        "fields": {
            "attribute": 9,
            "product": 3,
            "modified_at": "2014-10-21T20:30:42.016Z",
            "value": "Adipiscing",
            "added_at": "2014-10-21T20:30:42.016Z"
        }
    },
    {
        "pk": 28,
        "model": "cart.productattribute",
        "fields": {
            "attribute": 10,
            "product": 3,
            "modified_at": "2014-10-21T20:30:42.017Z",
            "value": "Elit",
            "added_at": "2014-10-21T20:30:42.017Z"
        }
    },
    {
        "pk": 29,
        "model": "cart.productattribute",
        "fields": {
            "attribute": 11,
            "product": 3,
            "modified_at": "2014-10-21T20:30:42.017Z",
            "value": "Aenean",
            "added_at": "2014-10-21T20:30:42.017Z"
        }
    },
    {
        "pk": 30,
        "model": "cart.productattribute",
        "fields": {
            "attribute": 12,
            "product": 3,
            "modified_at": "2014-10-21T20:30:42.017Z",
            "value": "Commodo",
            "added_at": "2014-10-21T20:30:42.017Z"
        }
    },
    {
        "pk": 31,
        "model": "cart.productattribute",
        "fields": {
            "attribute": 1,
            "product": 4,
            "modified_at": "2014-10-21T20:32:24.467Z",
            "value": "Lorem",
            "added_at": "2014-10-21T20:32:24.467Z"
        }
    },
    {
        "pk": 32,
        "model": "cart.productattribute",
        "fields": {
            "attribute": 2,
            "product": 4,
            "modified_at": "2014-10-21T20:32:24.468Z",
            "value": "Ipsum",
            "added_at": "2014-10-21T20:32:24.468Z"
        }
    },
    {
        "pk": 33,
        "model": "cart.productattribute",
        "fields": {
            "attribute": 3,
            "product": 4,
            "modified_at": "2014-10-21T20:32:24.469Z",
            "value": "Dolor",
            "added_at": "2014-10-21T20:32:24.469Z"
        }
    },
    {
        "pk": 34,
        "model": "cart.productattribute",
        "fields": {
            "attribute": 4,
            "product": 4,
            "modified_at": "2014-10-21T20:32:24.469Z",
            "value": "Sit",
            "added_at": "2014-10-21T20:32:24.469Z"
        }
    },
    {
        "pk": 35,
        "model": "cart.productattribute",
        "fields": {
            "attribute": 5,
            "product": 4,
            "modified_at": "2014-10-21T20:32:24.470Z",
            "value": "Amet",
            "added_at": "2014-10-21T20:32:24.470Z"
        }
    },
    {
        "pk": 36,
        "model": "cart.productattribute",
        "fields": {
            "attribute": 6,
            "product": 4,
            "modified_at": "2014-10-21T20:32:24.471Z",
            "value": "Consectetuer",
            "added_at": "2014-10-21T20:32:24.471Z"
        }
    },
    {
        "pk": 37,
        "model": "cart.productattribute",
        "fields": {
            "attribute": 7,
            "product": 4,
            "modified_at": "2014-10-21T20:32:24.471Z",
            "value": "Adipiscing",
            "added_at": "2014-10-21T20:32:24.471Z"
        }
    },
    {
        "pk": 38,
        "model": "cart.productattribute",
        "fields": {
            "attribute": 8,
            "product": 4,
            "modified_at": "2014-10-21T20:32:24.472Z",
            "value": "Elit",
            "added_at": "2014-10-21T20:32:24.472Z"
        }
    },
    {
        "pk": 39,
        "model": "cart.productattribute",
        "fields": {
            "attribute": 9,
            "product": 4,
            "modified_at": "2014-10-21T20:32:24.473Z",
            "value": "Aenean",
            "added_at": "2014-10-21T20:32:24.473Z"
        }
    },
    {
        "pk": 40,
        "model": "cart.productattribute",
        "fields": {
            "attribute": 10,
            "product": 4,
            "modified_at": "2014-10-21T20:32:24.473Z",
            "value": "Commodo",
            "added_at": "2014-10-21T20:32:24.473Z"
        }
    },
    {
        "pk": 41,
        "model": "cart.productattribute",
        "fields": {
            "attribute": 2,
            "product": 5,
            "modified_at": "2014-10-21T20:34:10.873Z",
            "value": "Lorem",
            "added_at": "2014-10-21T20:34:10.873Z"
        }
    },
    {
        "pk": 42,
        "model": "cart.productattribute",
        "fields": {
            "attribute": 3,
            "product": 5,
            "modified_at": "2014-10-21T20:34:10.873Z",
            "value": "Ipsum",
            "added_at": "2014-10-21T20:34:10.873Z"
        }
    },
    {
        "pk": 43,
        "model": "cart.productattribute",
        "fields": {
            "attribute": 4,
            "product": 5,
            "modified_at": "2014-10-21T20:34:10.874Z",
            "value": "Dolor",
            "added_at": "2014-10-21T20:34:10.874Z"
        }
    },
    {
        "pk": 44,
        "model": "cart.productattribute",
        "fields": {
            "attribute": 5,
            "product": 5,
            "modified_at": "2014-10-21T20:34:10.874Z",
            "value": "Sit",
            "added_at": "2014-10-21T20:34:10.874Z"
        }
    },
    {
        "pk": 45,
        "model": "cart.productattribute",
        "fields": {
            "attribute": 6,
            "product": 5,
            "modified_at": "2014-10-21T20:34:10.875Z",
            "value": "Amet",
            "added_at": "2014-10-21T20:34:10.875Z"
        }
    },
    {
        "pk": 46,
        "model": "cart.productattribute",
        "fields": {
            "attribute": 7,
            "product": 5,
            "modified_at": "2014-10-21T20:34:10.875Z",
            "value": "Consectetuer",
            "added_at": "2014-10-21T20:34:10.875Z"
        }
    },
    {
        "pk": 47,
        "model": "cart.productattribute",
        "fields": {
            "attribute": 8,
            "product": 5,
            "modified_at": "2014-10-21T20:34:10.875Z",
            "value": "Adipiscing",
            "added_at": "2014-10-21T20:34:10.875Z"
        }
    },
    {
        "pk": 48,
        "model": "cart.productattribute",
        "fields": {
            "attribute": 9,
            "product": 5,
            "modified_at": "2014-10-21T20:34:10.876Z",
            "value": "Elit",
            "added_at": "2014-10-21T20:34:10.876Z"
        }
    },
    {
        "pk": 49,
        "model": "cart.productattribute",
        "fields": {
            "attribute": 10,
            "product": 5,
            "modified_at": "2014-10-21T20:34:10.876Z",
            "value": "Aenean",
            "added_at": "2014-10-21T20:34:10.876Z"
        }
    },
    {
        "pk": 50,
        "model": "cart.productattribute",
        "fields": {
            "attribute": 11,
            "product": 5,
            "modified_at": "2014-10-21T20:34:10.877Z",
            "value": "Commodo",
            "added_at": "2014-10-21T20:34:10.877Z"
        }
    },
    {
        "pk": 51,
        "model": "cart.productattribute",
        "fields": {
            "attribute": 4,
            "product": 6,
            "modified_at": "2014-10-21T20:35:57.399Z",
            "value": "Lorem",
            "added_at": "2014-10-21T20:35:57.399Z"
        }
    },
    {
        "pk": 52,
        "model": "cart.productattribute",
        "fields": {
            "attribute": 5,
            "product": 6,
            "modified_at": "2014-10-21T20:35:57.400Z",
            "value": "Ipsum",
            "added_at": "2014-10-21T20:35:57.399Z"
        }
    },
    {
        "pk": 53,
        "model": "cart.productattribute",
        "fields": {
            "attribute": 6,
            "product": 6,
            "modified_at": "2014-10-21T20:35:57.400Z",
            "value": "Dolor",
            "added_at": "2014-10-21T20:35:57.400Z"
        }
    },
    {
        "pk": 54,
        "model": "cart.productattribute",
        "fields": {
            "attribute": 6,
            "product": 6,
            "modified_at": "2014-10-21T20:35:57.400Z",
            "value": "Sit",
            "added_at": "2014-10-21T20:35:57.400Z"
        }
    },
    {
        "pk": 55,
        "model": "cart.productattribute",
        "fields": {
            "attribute": 8,
            "product": 6,
            "modified_at": "2014-10-21T20:35:57.401Z",
            "value": "Amet",
            "added_at": "2014-10-21T20:35:57.401Z"
        }
    },
    {
        "pk": 56,
        "model": "cart.productattribute",
        "fields": {
            "attribute": 9,
            "product": 6,
            "modified_at": "2014-10-21T20:35:57.401Z",
            "value": "Consectetuer",
            "added_at": "2014-10-21T20:35:57.401Z"
        }
    },
    {
        "pk": 57,
        "model": "cart.productattribute",
        "fields": {
            "attribute": 10,
            "product": 6,
            "modified_at": "2014-10-21T20:35:57.402Z",
            "value": "Adipiscing",
            "added_at": "2014-10-21T20:35:57.402Z"
        }
    },
    {
        "pk": 58,
        "model": "cart.productattribute",
        "fields": {
            "attribute": 11,
            "product": 6,
            "modified_at": "2014-10-21T20:35:57.402Z",
            "value": "Elit",
            "added_at": "2014-10-21T20:35:57.402Z"
        }
    },
    {
        "pk": 59,
        "model": "cart.productattribute",
        "fields": {
            "attribute": 12,
            "product": 6,
            "modified_at": "2014-10-21T20:35:57.403Z",
            "value": "Aenean",
            "added_at": "2014-10-21T20:35:57.403Z"
        }
    },
    {
        "pk": 60,
        "model": "cart.productattribute",
        "fields": {
            "attribute": 1,
            "product": 6,
            "modified_at": "2014-10-21T20:35:57.403Z",
            "value": "Commodo",
            "added_at": "2014-10-21T20:35:57.403Z"
        }
    },
    {
        "pk": 1,
        "model": "cart.productimage",
        "fields": {
            "info": "",
            "product": 2,
            "modified_at": "2014-10-21T20:28:41.554Z",
            "image": "cart/product/iphone4s1.png",
            "added_at": "2014-10-21T20:28:41.554Z"
        }
    },
    {
        "pk": 2,
        "model": "cart.productimage",
        "fields": {
            "info": "",
            "product": 2,
            "modified_at": "2014-10-21T20:28:41.556Z",
            "image": "cart/product/iphone4s2.png",
            "added_at": "2014-10-21T20:28:41.556Z"
        }
    },
    {
        "pk": 3,
        "model": "cart.productimage",
        "fields": {
            "info": "",
            "product": 2,
            "modified_at": "2014-10-21T20:28:41.558Z",
            "image": "cart/product/iphone4s3.png",
            "added_at": "2014-10-21T20:28:41.558Z"
        }
    },
    {
        "pk": 4,
        "model": "cart.productimage",
        "fields": {
            "info": "",
            "product": 2,
            "modified_at": "2014-10-21T20:28:41.559Z",
            "image": "cart/product/iphone4s4.png",
            "added_at": "2014-10-21T20:28:41.559Z"
        }
    },
    {
        "pk": 5,
        "model": "cart.productimage",
        "fields": {
            "info": "",
            "product": 2,
            "modified_at": "2014-10-21T20:28:41.561Z",
            "image": "cart/product/iphone4s5.png",
            "added_at": "2014-10-21T20:28:41.561Z"
        }
    },
    {
        "pk": 6,
        "model": "cart.productimage",
        "fields": {
            "info": "",
            "product": 2,
            "modified_at": "2014-10-21T20:28:41.563Z",
            "image": "cart/product/iphone4s6.png",
            "added_at": "2014-10-21T20:28:41.563Z"
        }
    },
    {
        "pk": 1,
        "model": "cart.shop",
        "fields": {
            "info": "<p>Lorem ipsum dolor sit amet, consectetuer adipiscing elit. Aenean commodo ligula eget dolor. Aenean massa. Cum sociis natoque penatibus et magnis dis parturient montes, nascetur ridiculus mus. Donec quam felis, ultricies nec, pellentesque eu, pretium quis, sem. Nulla consequat massa quis enim. Donec pede justo, fringilla vel, aliquet nec, vulputate eget, arcu. In enim justo, rhoncus ut, imperdiet a, venenatis vitae, justo. Nullam dictum felis eu pede mollis pretium. Integer tincidunt. Cras dapibus. Vivamus elementum semper nisi. Aenean vulputate eleifend tellus. Aenean leo ligula, porttitor eu, consequat vitae, eleifend ac, enim. Aliquam lorem ante, dapibus in, viverra quis, feugiat a.</p>\r\n",
            "title": "World Telecom",
            "modified_at": "2014-10-21T20:49:04.070Z",
            "image": "cart/shop/worldtelecom.png",
            "is_active": true,
            "added_at": "2014-10-21T20:23:53.938Z",
            "slug": "worldtelecom"
        }
    },
    {
        "pk": 2,
        "model": "cart.shop",
        "fields": {
            "info": "<p>Sed ut perspiciatis unde omnis iste natus error sit voluptatem accusantium doloremque laudantium, totam rem aperiam, eaque ipsa quae ab illo inventore veritatis et quasi architecto beatae vitae dicta sunt explicabo. Nemo enim ipsam voluptatem quia voluptas sit aspernatur aut odit aut fugit, sed quia consequuntur magni dolores eos qui ratione voluptatem sequi nesciunt. Neque porro quisquam est, qui dolorem ipsum quia dolor sit amet, consectetur, adipisci velit, sed quia non numquam eius modi tempora incidunt ut labore et dolore magnam aliquam quaerat voluptatem. Ut enim ad minima veniam, quis nostrum exercitationem ullam corporis suscipit laboriosam, nisi ut aliquid ex.</p>\r\n",
            "title": "Bakinity",
            "modified_at": "2014-10-21T20:38:59.663Z",
            "image": "cart/shop/bakinity.png",
            "is_active": true,
            "added_at": "2014-10-21T20:24:21.349Z",
            "slug": "bakinity"
        }
    },
    {
        "pk": 1,
        "model": "cart.shopreview",
        "fields": {
            "shop": 1,
            "rating": 3,
            "is_approved": true,
            "modified_at": "2014-10-21T20:49:38.498Z",
            "added_at": "2014-10-21T20:49:38.498Z",
            "user": 0,
            "comment": "The languages only differ in their grammar, their pronunciation and their most common words. Everyone realizes why a new common language would be desirable: one could refuse to pay expensive translators."
        }
    },
    {
        "pk": 2,
        "model": "cart.shopreview",
        "fields": {
            "shop": 1,
            "rating": 4,
            "is_approved": true,
            "modified_at": "2014-10-21T20:49:49.584Z",
            "added_at": "2014-10-21T20:49:49.584Z",
            "user": 0,
            "comment": "To achieve this, it would be necessary to have uniform grammar, pronunciation and more common words."
        }
    },
    {
        "pk": 3,
        "model": "cart.shopreview",
        "fields": {
            "shop": 1,
            "rating": 5,
            "is_approved": true,
            "modified_at": "2014-10-21T20:50:00.826Z",
            "added_at": "2014-10-21T20:50:00.826Z",
            "user": 0,
            "comment": "If several languages coalesce, the grammar of the resulting language is more simple and regular than that of the individual languages. The new common language will be more simple and regular than the existing European languages."
        }
    },
    {
        "pk": 4,
        "model": "cart.shopreview",
        "fields": {
            "shop": 1,
            "rating": 2,
            "is_approved": true,
            "modified_at": "2014-10-21T20:50:16.301Z",
            "added_at": "2014-10-21T20:50:16.301Z",
            "user": 0,
            "comment": "It will be as simple as Occidental; in fact, it will be Occidental. To an English person, it will seem like simplified English, as a skeptical Cambridge friend of mine told me what Occidental is."
        }
    },
    {
        "pk": 5,
        "model": "cart.shopreview",
        "fields": {
            "shop": 1,
            "rating": 4,
            "is_approved": true,
            "modified_at": "2014-10-21T20:50:28.997Z",
            "added_at": "2014-10-21T20:50:28.997Z",
            "user": 0,
            "comment": "The European languages are members of the same family. Their separate existence is a myth. For science, music, sport, etc, Europe uses the same vocabulary."
        }
    },
    {
        "pk": 6,
        "model": "cart.shopreview",
        "fields": {
            "shop": 1,
            "rating": 4,
            "is_approved": true,
            "modified_at": "2014-10-21T20:50:40.400Z",
            "added_at": "2014-10-21T20:50:40.400Z",
            "user": 0,
            "comment": "The languages only differ in their grammar, their pronunciation and their most common words. Everyone realizes why a new common language would be desirable: one could refuse to pay expensive translators."
        }
    },
    {
        "pk": 7,
        "model": "cart.shopreview",
        "fields": {
            "shop": 1,
            "rating": 2,
            "is_approved": true,
            "modified_at": "2014-10-21T20:50:51.584Z",
            "added_at": "2014-10-21T20:50:51.584Z",
            "user": 0,
            "comment": "To achieve this, it would be necessary to have uniform grammar, pronunciation and more common words. If several languages coalesce, the grammar of the resulting language is more simple and regular than that of the individual languages."
        }
    },
    {
        "pk": 8,
        "model": "cart.shopreview",
        "fields": {
            "shop": 1,
            "rating": 3,
            "is_approved": true,
            "modified_at": "2014-10-21T20:51:01.502Z",
            "added_at": "2014-10-21T20:51:01.502Z",
            "user": 0,
            "comment": "The new common language will be more simple and regular than the existing European languages. It will be as simple as Occidental; in fact, it will be Occidental."
        }
    },
    {
        "pk": 9,
        "model": "cart.shopreview",
        "fields": {
            "shop": 1,
            "rating": 3,
            "is_approved": true,
            "modified_at": "2014-10-21T20:51:14.944Z",
            "added_at": "2014-10-21T20:51:14.944Z",
            "user": 0,
            "comment": "To an English person, it will seem like simplified English, as a skeptical Cambridge friend of mine told me what Occidental is. The European languages are members of the same family. Their separate existence is a myth."
        }
    },
    {
        "pk": 10,
        "model": "cart.shopreview",
        "fields": {
            "shop": 2,
            "rating": 2,
            "is_approved": true,
            "modified_at": "2014-10-21T20:51:38.505Z",
            "added_at": "2014-10-21T20:51:38.504Z",
            "user": 0,
            "comment": "A wonderful serenity has taken possession of my entire soul, like these sweet mornings of spring which I enjoy with my whole heart."
        }
    },
    {
        "pk": 11,
        "model": "cart.shopreview",
        "fields": {
            "shop": 2,
            "rating": 4,
            "is_approved": true,
            "modified_at": "2014-10-21T20:51:52.272Z",
            "added_at": "2014-10-21T20:51:52.272Z",
            "user": 0,
            "comment": "I am alone, and feel the charm of existence in this spot, which was created for the bliss of souls like mine."
        }
    },
    {
        "pk": 12,
        "model": "cart.shopreview",
        "fields": {
            "shop": 2,
            "rating": 2,
            "is_approved": true,
            "modified_at": "2014-10-21T20:52:09.803Z",
            "added_at": "2014-10-21T20:52:09.803Z",
            "user": 0,
            "comment": "I should be incapable of drawing a single stroke at the present moment; and yet I feel that I never was a greater artist than now."
        }
    },
    {
        "pk": 13,
        "model": "cart.shopreview",
        "fields": {
            "shop": 2,
            "rating": 3,
            "is_approved": false,
            "modified_at": "2014-10-21T20:52:28.819Z",
            "added_at": "2014-10-21T20:52:28.819Z",
            "user": 0,
            "comment": "I am so happy, my dear friend, so absorbed in the exquisite sense of mere tranquil existence, that I neglect my talents."
        }
    },
    {
        "pk": 1,
        "model": "cart.shopproduct",
        "fields": {
            "shop": 2,
            "info": "Far far away, behind the word mountains, far from the countries Vokalia and Consonantia, there live the blind texts. Separated they live in Bookmarksgrove right at the coast of the Semantics, a large language ocean. A small river named Duden flows by their place and supplies it with the necessary regelialia. It is a paradisematic country, in which roasted parts of sentences fly into your mouth. Even the all-powerful Pointing has no control about the blind texts it is an almost unorthographic life One day however a small line of blind text by the name of Lorem Ipsum decided to leave for the far World of Grammar. The Big Oxmox advised her not to do so, because there were thousands of bad Commas.",
            "product": 1,
            "url": null,
            "price": "380",
            "modified_at": "2014-10-21T20:38:59.665Z",
            "added_at": "2014-10-21T20:38:59.665Z",
            "currency": 1,
            "quantity": 20
        }
    },
    {
        "pk": 2,
        "model": "cart.shopproduct",
        "fields": {
            "shop": 2,
            "info": "",
            "product": 2,
            "url": null,
            "price": "520",
            "modified_at": "2014-10-21T20:38:59.666Z",
            "added_at": "2014-10-21T20:38:59.666Z",
            "currency": 1,
            "quantity": 21
        }
    },
    {
        "pk": 3,
        "model": "cart.shopproduct",
        "fields": {
            "shop": 2,
            "info": "",
            "product": 3,
            "url": null,
            "price": "610",
            "modified_at": "2014-10-21T20:38:59.666Z",
            "added_at": "2014-10-21T20:38:59.666Z",
            "currency": 1,
            "quantity": 28
        }
    },
    {
        "pk": 4,
        "model": "cart.shopproduct",
        "fields": {
            "shop": 2,
            "info": "",
            "product": 6,
            "url": null,
            "price": "420",
            "modified_at": "2014-10-21T20:38:59.667Z",
            "added_at": "2014-10-21T20:38:59.667Z",
            "currency": 1,
            "quantity": 24
        }
    },
    {
        "pk": 5,
        "model": "cart.shopproduct",
        "fields": {
            "shop": 2,
            "info": "",
            "product": 4,
            "url": null,
            "price": "980",
            "modified_at": "2014-10-21T20:38:59.668Z",
            "added_at": "2014-10-21T20:38:59.667Z",
            "currency": 1,
            "quantity": 12
        }
    },
    {
        "pk": 6,
        "model": "cart.shopproduct",
        "fields": {
            "shop": 1,
            "info": "",
            "product": 1,
            "url": null,
            "price": "400",
            "modified_at": "2014-10-21T20:41:14.512Z",
            "added_at": "2014-10-21T20:41:14.512Z",
            "currency": 1,
            "quantity": 20
        }
    },
    {
        "pk": 7,
        "model": "cart.shopproduct",
        "fields": {
            "shop": 1,
            "info": "Far far away, behind the word mountains, far from the countries Vokalia and Consonantia, there live the blind texts. Separated they live in Bookmarksgrove right at the coast of the Semantics, a large language ocean. A small river named Duden flows by their place and supplies it with the necessary regelialia. It is a paradisematic country, in which roasted parts of sentences fly into your mouth. Even the all-powerful Pointing has no control about the blind texts it is an almost unorthographic life One day however a small line of blind text by the name of Lorem Ipsum decided to leave for the far World of Grammar. The Big Oxmox advised her not to do so, because there were thousands of bad Commas, wild Question Marks and devious Semikoli, but the Little Blind Text didn\u2019t listen. She packed her seven versalia, put her initial into the belt and made herself on the way. When she reached the first hills of the Italic Mountains, she had a last view back on the skyline of her hometown Bookmarksgrove.",
            "product": 2,
            "url": null,
            "price": "500",
            "modified_at": "2014-10-21T20:41:14.513Z",
            "added_at": "2014-10-21T20:41:14.513Z",
            "currency": 1,
            "quantity": 32
        }
    },
    {
        "pk": 8,
        "model": "cart.shopproduct",
        "fields": {
            "shop": 1,
            "info": "The European languages are members of the same family. Their separate existence is a myth. For science, music, sport, etc, Europe uses the same vocabulary.",
            "product": 3,
            "url": null,
            "price": "700",
            "modified_at": "2014-10-21T20:49:04.075Z",
            "added_at": "2014-10-21T20:41:14.514Z",
            "currency": 1,
            "quantity": 19
        }
    },
    {
        "pk": 9,
        "model": "cart.shopproduct",
        "fields": {
            "shop": 1,
            "info": "",
            "product": 5,
            "url": null,
            "price": "300",
            "modified_at": "2014-10-21T20:41:14.514Z",
            "added_at": "2014-10-21T20:41:14.514Z",
            "currency": 1,
            "quantity": 45
        }
    },
    {
        "pk": 10,
        "model": "cart.shopproduct",
        "fields": {
            "shop": 1,
            "info": "",
            "product": 4,
            "url": null,
            "price": "149",
            "modified_at": "2014-10-21T20:41:14.515Z",
            "added_at": "2014-10-21T20:41:14.515Z",
            "currency": 1,
            "quantity": 10
        }
    },
    {
        "pk": 11,
        "model": "cart.shopproduct",
        "fields": {
            "shop": 1,
            "info": "",
            "product": 6,
            "url": null,
            "price": "450",
            "modified_at": "2014-10-21T20:41:14.517Z",
            "added_at": "2014-10-21T20:41:14.517Z",
            "currency": 1,
            "quantity": 39
        }
    }
]